Date,Entry Time,Exit Time,Type,Entry Price,Exit Price,Net Points,PnL,Reason
2025-09-01,2025-09-01 09:16:27.320,2025-09-01 09:16:33.572,LONG,24643.4,24630.6,-13.80000000000291,-6210.00000000131,VWAP_CROSS
2025-09-01,2025-09-01 09:23:26.524,2025-09-01 09:28:34.981,LONG,24658.8,24646.0,-13.799999999999272,-6209.999999999673,VWAP_CROSS
2025-09-01,2025-09-01 09:35:11.802,2025-09-01 10:05:12.784,LONG,24677.0,24674.8,-3.2000000000007276,-1440.0000000003274,TIME
2025-09-01,2025-09-01 10:10:57.622,2025-09-01 10:11:13.575,SHORT,24660.0,24662.4,-3.400000000001455,-1530.0000000006548,VWAP_CROSS
2025-09-01,2025-09-01 10:16:54.795,2025-09-01 10:16:56.259,SHORT,24660.0,24663.0,-4.0,-1800.0,VWAP_CROSS
2025-09-01,2025-09-01 10:22:29.316,2025-09-01 10:25:27.537,SHORT,24645.0,24662.0,-18.0,-8100.0,VWAP_CROSS
2025-09-01,2025-09-01 10:34:01.139,2025-09-01 10:43:18.814,SHORT,24651.0,24662.0,-12.0,-5400.0,VWAP_CROSS
2025-09-01,2025-09-01 10:52:00.843,2025-09-01 10:55:49.576,LONG,24675.1,24661.0,-15.099999999998545,-6794.999999999345,VWAP_CROSS
2025-09-01,2025-09-01 11:11:34.551,2025-09-01 11:41:34.554,LONG,24680.0,24682.0,1.0,450.0,TIME
2025-09-01,2025-09-01 13:05:57.429,2025-09-01 13:35:57.908,LONG,24718.5,24730.7,11.200000000000728,5040.000000000327,TIME
2025-09-01,2025-09-01 13:49:28.653,2025-09-01 14:19:28.946,LONG,24723.3,24740.9,16.600000000002183,7470.000000000982,TIME
2025-09-01,2025-09-01 14:40:04.399,2025-09-01 15:10:04.465,LONG,24740.1,24749.8,8.700000000000728,3915.0000000003274,TIME
2025-09-02,2025-09-02 09:15:58.512,2025-09-02 09:17:04.822,LONG,24785.0,24783.0,-3.0,-1350.0,VWAP_CROSS
2025-09-02,2025-09-02 09:22:55.160,2025-09-02 09:30:05.132,SHORT,24759.0,24773.0,-15.0,-6750.0,VWAP_CROSS
2025-09-02,2025-09-02 09:35:40.119,2025-09-02 10:05:40.383,LONG,24788.1,24851.0,61.900000000001455,27855.000000000655,TIME
2025-09-02,2025-09-02 10:11:33.651,2025-09-02 10:35:40.881,LONG,24850.1,24829.7,-21.399999999997817,-9629.999999999018,SL
2025-09-02,2025-09-02 10:56:52.408,2025-09-02 11:26:52.889,LONG,24855.0,24841.9,-14.099999999998545,-6344.999999999345,TIME
2025-09-02,2025-09-02 13:02:53.985,2025-09-02 13:15:59.963,LONG,24859.0,24839.0,-21.0,-9450.0,SL
2025-09-02,2025-09-02 13:21:40.377,2025-09-02 13:33:36.626,SHORT,24811.2,24824.0,-13.799999999999272,-6209.999999999673,VWAP_CROSS
2025-09-02,2025-09-02 13:42:25.786,2025-09-02 13:56:16.138,SHORT,24777.0,24725.0,51.0,22950.0,TRAIL_SL
2025-09-02,2025-09-02 14:01:56.505,2025-09-02 14:08:21.738,SHORT,24707.5,24680.0,26.5,11925.0,TRAIL_SL
2025-09-02,2025-09-02 14:14:01.091,2025-09-02 14:20:14.283,SHORT,24689.0,24709.0,-21.0,-9450.0,SL
2025-09-02,2025-09-02 14:25:49.528,2025-09-02 14:36:48.744,SHORT,24680.0,24700.1,-21.099999999998545,-9494.999999999345,SL
2025-09-02,2025-09-02 14:43:31.054,2025-09-02 14:45:45.005,SHORT,24704.0,24725.0,-22.0,-9900.0,SL
2025-09-02,2025-09-02 14:52:04.661,2025-09-02 15:22:05.368,SHORT,24700.0,24692.1,6.900000000001455,3105.000000000655,TIME
2025-09-03,2025-09-03 09:23:41.504,2025-09-03 09:23:44.518,LONG,24654.1,24651.1,-4.0,-1800.0,VWAP_CROSS
2025-09-03,2025-09-03 09:29:24.315,2025-09-03 09:30:57.762,LONG,24706.0,24686.0,-21.0,-9450.0,SL
2025-09-03,2025-09-03 09:37:03.848,2025-09-03 09:37:43.089,LONG,24695.0,24683.1,-12.900000000001455,-5805.000000000655,VWAP_CROSS
2025-09-03,2025-09-03 09:45:44.493,2025-09-03 09:47:14.061,SHORT,24665.7,24678.5,-13.799999999999272,-6209.999999999673,VWAP_CROSS
2025-09-03,2025-09-03 10:01:18.530,2025-09-03 10:01:58.788,LONG,24700.8,24680.0,-21.799999999999272,-9809.999999999673,VWAP_CROSS
2025-09-03,2025-09-03 10:08:23.878,2025-09-03 10:16:30.008,LONG,24712.1,24691.8,-21.299999999999272,-9584.999999999673,SL
2025-09-03,2025-09-03 10:36:12.268,2025-09-03 10:59:27.986,SHORT,24682.0,24684.8,-3.7999999999992724,-1709.9999999996726,VWAP_CROSS
2025-09-03,2025-09-03 11:24:29.000,2025-09-03 11:35:21.542,SHORT,24675.0,24684.4,-10.400000000001455,-4680.000000000655,VWAP_CROSS
2025-09-03,2025-09-03 13:23:06.720,2025-09-03 13:35:29.309,LONG,24728.8,24710.0,-19.799999999999272,-8909.999999999673,VWAP_CROSS
2025-09-04,2025-09-04 09:16:11.185,2025-09-04 09:16:16.072,SHORT,24974.4,24981.6,-8.19999999999709,-3689.9999999986903,VWAP_CROSS
2025-09-04,2025-09-04 09:21:46.866,2025-09-04 09:22:49.371,SHORT,24950.0,24970.0,-21.0,-9450.0,VWAP_CROSS
2025-09-04,2025-09-04 09:29:16.373,2025-09-04 09:36:07.879,LONG,24990.7,25017.7,26.0,11700.0,TRAIL_SL
2025-09-04,2025-09-04 09:41:38.152,2025-09-04 09:42:50.370,LONG,25010.0,24990.0,-21.0,-9450.0,SL
2025-09-04,2025-09-04 09:54:15.117,2025-09-04 10:07:03.458,LONG,25004.7,24984.4,-21.299999999999272,-9584.999999999673,VWAP_CROSS
2025-09-04,2025-09-04 10:12:47.439,2025-09-04 10:21:18.681,SHORT,24945.0,24965.0,-21.0,-9450.0,SL
2025-09-04,2025-09-04 10:27:51.327,2025-09-04 10:57:51.419,SHORT,24945.0,24929.0,15.0,6750.0,TIME
2025-09-04,2025-09-04 11:05:15.159,2025-09-04 11:35:15.463,SHORT,24935.0,24923.6,10.400000000001455,4680.000000000655,TIME
2025-09-04,2025-09-04 13:00:57.000,2025-09-04 13:30:57.021,SHORT,24942.7,24925.7,16.0,7200.0,TIME
2025-09-04,2025-09-04 13:36:41.570,2025-09-04 14:06:41.789,SHORT,24915.0,24886.1,27.900000000001455,12555.000000000655,TIME
2025-09-04,2025-09-04 14:14:14.623,2025-09-04 14:31:00.827,SHORT,24875.4,24845.0,29.400000000001455,13230.000000000655,TRAIL_SL
2025-09-04,2025-09-04 14:36:39.053,2025-09-04 14:44:24.969,SHORT,24850.0,24870.0,-21.0,-9450.0,SL
2025-09-04,2025-09-04 14:50:02.776,2025-09-04 15:16:38.589,SHORT,24867.7,24825.0,41.70000000000073,18765.000000000327,TRAIL_SL
2025-09-05,2025-09-05 09:15:30.897,2025-09-05 09:16:22.403,LONG,24890.0,24891.6,0.5999999999985448,269.99999999934516,VWAP_CROSS
2025-09-05,2025-09-05 09:22:06.884,2025-09-05 09:23:20.157,LONG,24920.4,24900.0,-21.400000000001455,-9630.000000000655,VWAP_CROSS
2025-09-05,2025-09-05 09:29:16.389,2025-09-05 09:30:26.921,SHORT,24887.8,24899.0,-12.200000000000728,-5490.000000000327,VWAP_CROSS
2025-09-05,2025-09-05 09:36:46.385,2025-09-05 09:52:05.644,SHORT,24885.0,24896.0,-12.0,-5400.0,VWAP_CROSS
2025-09-05,2025-09-05 09:59:37.429,2025-09-05 10:01:36.065,SHORT,24875.1,24895.0,-20.900000000001455,-9405.000000000655,VWAP_CROSS
2025-09-05,2025-09-05 10:08:25.659,2025-09-05 10:11:36.926,SHORT,24866.7,24818.6,47.10000000000218,21195.000000000982,TRAIL_SL
2025-09-05,2025-09-05 10:16:59.886,2025-09-05 10:21:17.699,SHORT,24766.1,24740.0,25.099999999998545,11294.999999999345,TRAIL_SL
2025-09-05,2025-09-05 10:27:11.231,2025-09-05 10:28:53.161,SHORT,24788.0,24813.9,-26.900000000001455,-12105.000000000655,SL
2025-09-05,2025-09-05 10:34:39.161,2025-09-05 10:39:17.732,SHORT,24780.0,24800.5,-21.5,-9675.0,SL
2025-09-05,2025-09-05 10:47:25.659,2025-09-05 10:57:56.573,SHORT,24804.9,24777.9,26.0,11700.0,TRAIL_SL
2025-09-05,2025-09-05 11:05:00.942,2025-09-05 11:35:01.429,SHORT,24795.0,24791.0,3.0,1350.0,TIME
2025-09-05,2025-09-05 13:07:08.746,2025-09-05 13:12:47.521,SHORT,24744.0,24764.0,-21.0,-9450.0,SL
2025-09-05,2025-09-05 13:18:31.862,2025-09-05 13:39:34.355,SHORT,24780.0,24801.5,-22.5,-10125.0,SL
2025-09-05,2025-09-05 13:46:10.742,2025-09-05 13:49:27.493,LONG,24825.5,24855.0,28.5,12825.0,TRAIL_SL
2025-09-05,2025-09-05 13:55:10.537,2025-09-05 14:01:27.808,LONG,24858.9,24882.8,22.899999999997817,10304.999999999018,TRAIL_SL
2025-09-05,2025-09-05 14:09:12.087,2025-09-05 14:35:50.384,LONG,24860.0,24840.0,-21.0,-9450.0,SL
2025-09-05,2025-09-05 14:41:39.802,2025-09-05 15:11:40.083,LONG,24842.0,24857.3,14.299999999999272,6434.999999999673,TIME
2025-09-05,2025-09-05 15:17:43.541,2025-09-05 15:30:00.584,LONG,24855.2,24849.6,-6.600000000002183,-2970.0000000009823,EOD
2025-09-08,2025-09-08 09:15:33.099,2025-09-08 09:15:33.592,SHORT,24896.9,24905.6,-9.69999999999709,-4364.99999999869,VWAP_CROSS
2025-09-08,2025-09-08 09:21:02.597,2025-09-08 09:21:51.858,SHORT,24875.0,24891.6,-17.599999999998545,-7919.999999999345,VWAP_CROSS
2025-09-08,2025-09-08 09:27:16.118,2025-09-08 09:28:16.655,SHORT,24879.9,24888.0,-9.099999999998545,-4094.999999999345,VWAP_CROSS
2025-09-08,2025-09-08 09:34:03.134,2025-09-08 09:55:39.905,LONG,24918.5,24905.0,-14.5,-6525.0,VWAP_CROSS
2025-09-08,2025-09-08 10:12:05.107,2025-09-08 10:13:46.850,LONG,24925.1,24906.2,-19.899999999997817,-8954.999999999018,VWAP_CROSS
2025-09-08,2025-09-08 10:19:46.815,2025-09-08 10:40:50.119,SHORT,24902.0,24904.9,-3.900000000001455,-1755.0000000006548,VWAP_CROSS
2025-09-08,2025-09-08 10:54:05.654,2025-09-08 11:10:29.962,SHORT,24887.0,24905.0,-19.0,-8550.0,VWAP_CROSS
2025-09-08,2025-09-08 11:23:43.909,2025-09-08 11:25:04.693,LONG,24910.9,24902.1,-9.80000000000291,-4410.00000000131,VWAP_CROSS
2025-09-08,2025-09-08 13:00:39.741,2025-09-08 13:19:11.532,LONG,24971.0,24951.0,-21.0,-9450.0,SL
2025-09-08,2025-09-08 13:25:41.749,2025-09-08 13:55:42.426,LONG,24950.1,24943.6,-7.5,-3375.0,TIME
2025-09-08,2025-09-08 14:06:05.887,2025-09-08 14:36:06.083,LONG,24937.1,24975.9,37.80000000000291,17010.00000000131,TIME
2025-09-08,2025-09-08 14:48:54.844,2025-09-08 14:50:12.817,SHORT,24905.1,24924.7,-20.600000000002183,-9270.000000000982,VWAP_CROSS
2025-09-08,2025-09-08 14:55:54.352,2025-09-08 15:04:06.055,SHORT,24915.0,24890.0,24.0,10800.0,TRAIL_SL
2025-09-08,2025-09-08 15:09:56.298,2025-09-08 15:23:18.856,SHORT,24885.0,24905.0,-21.0,-9450.0,SL
2025-09-09,2025-09-09 09:24:49.370,2025-09-09 09:24:53.632,SHORT,24946.0,24949.9,-4.900000000001455,-2205.000000000655,VWAP_CROSS
2025-09-09,2025-09-09 09:32:40.894,2025-09-09 09:32:41.084,SHORT,24948.0,24953.7,-6.700000000000728,-3015.0000000003274,VWAP_CROSS
2025-09-09,2025-09-09 09:41:37.646,2025-09-09 09:42:09.355,SHORT,24942.6,24949.2,-7.600000000002183,-3420.0000000009823,VWAP_CROSS
2025-09-09,2025-09-09 09:47:51.405,2025-09-09 09:48:42.319,LONG,24954.5,24947.5,-8.0,-3600.0,VWAP_CROSS
2025-09-09,2025-09-09 09:57:53.680,2025-09-09 09:58:10.256,SHORT,24945.0,24947.9,-3.900000000001455,-1755.0000000006548,VWAP_CROSS
2025-09-09,2025-09-09 10:03:49.120,2025-09-09 10:33:49.308,SHORT,24935.0,24921.2,12.799999999999272,5759.999999999673,TIME
2025-09-09,2025-09-09 10:43:43.194,2025-09-09 11:03:40.733,SHORT,24922.6,24939.0,-17.400000000001455,-7830.000000000655,VWAP_CROSS
2025-09-09,2025-09-09 11:10:50.708,2025-09-09 11:10:54.643,LONG,24939.9,24937.2,-3.7000000000007276,-1665.0000000003274,VWAP_CROSS
2025-09-09,2025-09-09 11:20:33.454,2025-09-09 11:20:41.687,SHORT,24937.0,24939.0,-3.0,-1350.0,VWAP_CROSS
2025-09-09,2025-09-09 13:00:00.382,2025-09-09 13:14:06.129,LONG,24946.8,24940.0,-7.799999999999272,-3509.9999999996726,VWAP_CROSS
2025-09-09,2025-09-09 13:28:07.134,2025-09-09 13:48:18.836,LONG,24949.1,24940.1,-10.0,-4500.0,VWAP_CROSS
2025-09-09,2025-09-09 14:02:30.769,2025-09-09 14:02:38.305,SHORT,24941.0,24942.0,-2.0,-900.0,VWAP_CROSS
2025-09-09,2025-09-09 14:27:11.347,2025-09-09 14:35:24.337,LONG,24962.7,24941.1,-22.600000000002183,-10170.000000000982,VWAP_CROSS
2025-09-09,2025-09-09 14:41:52.563,2025-09-09 14:41:58.100,SHORT,24943.0,24945.0,-3.0,-1350.0,VWAP_CROSS
2025-09-09,2025-09-09 14:47:39.100,2025-09-09 14:49:09.063,SHORT,24937.6,24943.9,-7.30000000000291,-3285.0000000013097,VWAP_CROSS
2025-09-09,2025-09-09 14:55:02.827,2025-09-09 14:56:15.557,LONG,24950.0,24943.0,-8.0,-3600.0,VWAP_CROSS
2025-09-09,2025-09-09 15:02:21.091,2025-09-09 15:04:07.073,LONG,24947.0,24943.1,-4.900000000001455,-2205.000000000655,VWAP_CROSS
2025-09-09,2025-09-09 15:09:45.834,2025-09-09 15:10:15.353,SHORT,24941.1,24944.8,-4.700000000000728,-2115.0000000003274,VWAP_CROSS
2025-09-09,2025-09-09 15:16:05.829,2025-09-09 15:16:14.574,LONG,24945.1,24943.3,-2.7999999999992724,-1259.9999999996726,VWAP_CROSS
2025-09-10,2025-09-10 09:15:26.479,2025-09-10 09:15:43.576,LONG,25030.1,25025.0,-6.099999999998545,-2744.999999999345,VWAP_CROSS
2025-09-10,2025-09-10 09:21:27.732,2025-09-10 09:21:28.503,SHORT,25032.4,25037.8,-6.399999999997817,-2879.9999999990177,VWAP_CROSS
2025-09-10,2025-09-10 09:26:57.206,2025-09-10 09:47:38.727,LONG,25049.2,25083.0,32.79999999999927,14759.999999999673,TRAIL_SL
2025-09-10,2025-09-10 09:54:51.958,2025-09-10 10:24:52.382,LONG,25080.0,25083.4,2.400000000001455,1080.0000000006548,TIME
2025-09-10,2025-09-10 10:30:46.802,2025-09-10 10:42:11.497,LONG,25112.3,25092.0,-21.299999999999272,-9584.999999999673,SL
2025-09-10,2025-09-10 10:47:59.945,2025-09-10 11:17:59.951,LONG,25081.1,25098.3,16.200000000000728,7290.000000000327,TIME
2025-09-10,2025-09-10 11:24:48.267,2025-09-10 11:31:33.426,LONG,25089.9,25076.1,-14.80000000000291,-6660.00000000131,VWAP_CROSS
2025-09-10,2025-09-10 13:00:46.989,2025-09-10 13:08:26.243,SHORT,25067.0,25077.0,-11.0,-4950.0,VWAP_CROSS
2025-09-10,2025-09-10 13:14:33.548,2025-09-10 13:44:34.523,SHORT,25060.0,25061.0,-2.0,-900.0,TIME
2025-09-10,2025-09-10 13:50:16.074,2025-09-10 14:06:30.776,SHORT,25055.5,25074.0,-19.5,-8775.0,VWAP_CROSS
2025-09-10,2025-09-10 14:13:21.841,2025-09-10 14:43:22.776,SHORT,25071.0,25042.0,28.0,12600.0,TIME
2025-09-10,2025-09-10 14:51:15.562,2025-09-10 15:12:12.704,SHORT,25063.9,25072.0,-9.099999999998545,-4094.999999999345,VWAP_CROSS
2025-09-10,2025-09-10 15:17:49.294,2025-09-10 15:25:36.039,LONG,25076.1,25071.4,-5.69999999999709,-2564.9999999986903,VWAP_CROSS
2025-09-11,2025-09-11 09:15:47.095,2025-09-11 09:16:30.317,SHORT,25064.0,25065.0,-2.0,-900.0,VWAP_CROSS
2025-09-11,2025-09-11 09:22:53.561,2025-09-11 09:29:52.852,LONG,25090.1,25081.0,-10.099999999998545,-4544.999999999345,VWAP_CROSS
2025-09-11,2025-09-11 09:41:41.901,2025-09-11 09:43:26.581,SHORT,25071.9,25082.0,-11.099999999998545,-4994.999999999345,VWAP_CROSS
2025-09-11,2025-09-11 09:51:41.080,2025-09-11 09:52:45.586,SHORT,25076.0,25081.0,-6.0,-2700.0,VWAP_CROSS
2025-09-11,2025-09-11 09:59:17.628,2025-09-11 09:59:29.652,SHORT,25075.0,25080.5,-6.5,-2925.0,VWAP_CROSS
2025-09-11,2025-09-11 10:07:15.606,2025-09-11 10:29:11.936,SHORT,25068.0,25077.3,-10.299999999999272,-4634.999999999673,VWAP_CROSS
2025-09-11,2025-09-11 13:03:15.468,2025-09-11 13:33:15.549,LONG,25099.1,25102.0,1.9000000000014552,855.0000000006548,TIME
2025-09-11,2025-09-11 13:42:27.647,2025-09-11 14:12:27.963,LONG,25109.1,25103.1,-7.0,-3150.0,TIME
2025-09-11,2025-09-11 14:36:00.835,2025-09-11 15:06:01.054,LONG,25100.0,25102.5,1.5,675.0,TIME
2025-09-12,2025-09-12 09:15:29.720,2025-09-12 09:15:33.178,SHORT,25153.7,25156.0,-3.2999999999992724,-1484.9999999996726,VWAP_CROSS
2025-09-12,2025-09-12 09:21:10.957,2025-09-12 09:21:16.705,SHORT,25149.9,25152.0,-3.099999999998545,-1394.9999999993452,VWAP_CROSS
2025-09-12,2025-09-12 09:27:01.232,2025-09-12 09:27:06.960,SHORT,25145.0,25150.4,-6.400000000001455,-2880.000000000655,VWAP_CROSS
2025-09-12,2025-09-12 09:32:51.730,2025-09-12 09:37:29.959,SHORT,25140.7,25149.0,-9.299999999999272,-4184.999999999673,VWAP_CROSS
2025-09-12,2025-09-12 09:43:59.249,2025-09-12 09:47:49.477,SHORT,25141.0,25148.4,-8.400000000001455,-3780.000000000655,VWAP_CROSS
2025-09-12,2025-09-12 10:01:26.497,2025-09-12 10:31:26.749,LONG,25157.1,25170.0,11.900000000001455,5355.000000000655,TIME
2025-09-12,2025-09-12 10:40:48.500,2025-09-12 11:10:48.754,LONG,25174.5,25190.0,14.5,6525.0,TIME
2025-09-12,2025-09-12 11:17:42.069,2025-09-12 11:47:42.329,LONG,25195.1,25200.6,4.5,2025.0,TIME
2025-09-12,2025-09-12 13:10:56.104,2025-09-12 13:40:56.372,LONG,25209.1,25216.7,6.600000000002183,2970.0000000009823,TIME
2025-09-12,2025-09-12 13:50:37.116,2025-09-12 14:20:37.186,LONG,25194.7,25211.2,15.5,6975.0,TIME
2025-09-12,2025-09-12 14:42:09.085,2025-09-12 14:59:19.693,LONG,25212.1,25192.0,-21.099999999998545,-9494.999999999345,SL
2025-09-12,2025-09-12 15:07:05.669,2025-09-12 15:30:00.489,LONG,25200.0,25209.7,8.700000000000728,3915.0000000003274,EOD
2025-09-18,2025-09-18 09:15:42.492,2025-09-18 09:16:08.455,SHORT,25485.9,25492.0,-7.099999999998545,-3194.999999999345,VWAP_CROSS
2025-09-18,2025-09-18 09:21:46.412,2025-09-18 09:21:50.555,SHORT,25490.0,25491.0,-2.0,-900.0,VWAP_CROSS
2025-09-18,2025-09-18 09:29:38.674,2025-09-18 09:38:45.411,LONG,25506.4,25497.3,-10.100000000002183,-4545.000000000982,VWAP_CROSS
2025-09-18,2025-09-18 09:50:03.915,2025-09-18 09:53:16.919,LONG,25505.5,25498.0,-8.5,-3825.0,VWAP_CROSS
2025-09-18,2025-09-18 10:03:12.468,2025-09-18 10:03:19.975,SHORT,25495.0,25499.0,-5.0,-2250.0,VWAP_CROSS
2025-09-18,2025-09-18 10:09:06.416,2025-09-18 10:10:25.056,LONG,25507.1,25498.3,-9.799999999999272,-4409.999999999673,VWAP_CROSS
2025-09-18,2025-09-18 10:16:09.871,2025-09-18 10:16:11.060,SHORT,25498.0,25500.0,-3.0,-1350.0,VWAP_CROSS
2025-09-18,2025-09-18 10:27:57.979,2025-09-18 10:27:59.039,LONG,25500.0,25498.0,-3.0,-1350.0,VWAP_CROSS
2025-09-18,2025-09-18 10:46:02.287,2025-09-18 11:16:02.442,LONG,25515.7,25512.1,-4.600000000002183,-2070.0000000009823,TIME
2025-09-18,2025-09-18 13:01:15.989,2025-09-18 13:31:16.173,SHORT,25459.9,25468.2,-9.299999999999272,-4184.999999999673,TIME
2025-09-18,2025-09-18 13:37:31.028,2025-09-18 14:07:31.051,SHORT,25471.9,25455.6,15.30000000000291,6885.00000000131,TIME
2025-09-18,2025-09-18 14:13:12.747,2025-09-18 14:43:13.059,SHORT,25463.0,25446.9,15.099999999998545,6794.999999999345,TIME
2025-09-18,2025-09-18 14:51:40.810,2025-09-18 14:53:56.052,SHORT,25470.3,25483.0,-13.700000000000728,-6165.000000000327,VWAP_CROSS
2025-09-22,2025-09-22 09:18:27.711,2025-09-22 09:19:23.707,SHORT,25305.0,25320.0,-16.0,-7200.0,VWAP_CROSS
2025-09-22,2025-09-22 09:26:43.452,2025-09-22 09:40:46.711,LONG,25343.9,25370.0,25.099999999998545,11294.999999999345,TRAIL_SL
2025-09-22,2025-09-22 09:47:23.965,2025-09-22 09:51:35.472,LONG,25385.0,25362.1,-23.900000000001455,-10755.000000000655,SL
2025-09-22,2025-09-22 09:59:53.484,2025-09-22 10:29:55.510,LONG,25381.8,25385.0,2.2000000000007276,990.0000000003274,TIME
2025-09-22,2025-09-22 10:43:32.762,2025-09-22 11:13:33.769,LONG,25380.1,25370.0,-11.099999999998545,-4994.999999999345,TIME
2025-09-22,2025-09-22 11:22:27.751,2025-09-22 11:25:23.754,LONG,25359.5,25351.8,-8.700000000000728,-3915.0000000003274,VWAP_CROSS
2025-09-22,2025-09-22 13:02:40.322,2025-09-22 13:22:35.577,LONG,25375.0,25355.0,-21.0,-9450.0,SL
2025-09-22,2025-09-22 13:32:40.348,2025-09-22 13:33:33.092,LONG,25360.2,25354.0,-7.200000000000728,-3240.0000000003274,VWAP_CROSS
2025-09-22,2025-09-22 13:45:10.827,2025-09-22 13:45:42.618,LONG,25360.8,25354.2,-7.599999999998545,-3419.999999999345,VWAP_CROSS
2025-09-22,2025-09-22 13:58:04.152,2025-09-22 14:06:57.847,SHORT,25345.0,25355.3,-11.299999999999272,-5084.999999999673,VWAP_CROSS
2025-09-22,2025-09-22 14:13:41.897,2025-09-22 14:13:43.359,LONG,25354.1,25351.2,-3.899999999997817,-1754.9999999990177,VWAP_CROSS
2025-09-22,2025-09-22 14:20:38.689,2025-09-22 14:48:25.907,SHORT,25345.0,25263.7,80.29999999999927,36134.99999999967,TRAIL_SL
2025-09-22,2025-09-22 14:54:36.630,2025-09-22 15:24:38.906,SHORT,25285.6,25277.5,7.099999999998545,3194.999999999345,TIME
2025-09-23,2025-09-23 09:16:46.334,2025-09-23 09:18:47.311,SHORT,25281.7,25285.0,-4.299999999999272,-1934.9999999996726,VWAP_CROSS
2025-09-23,2025-09-23 09:26:21.567,2025-09-23 09:39:15.844,SHORT,25270.0,25229.0,40.0,18000.0,TRAIL_SL
2025-09-23,2025-09-23 09:46:44.833,2025-09-23 10:04:46.842,SHORT,25190.0,25210.0,-21.0,-9450.0,SL
2025-09-23,2025-09-23 10:12:13.614,2025-09-23 10:42:13.895,SHORT,25208.0,25200.0,7.0,3150.0,TIME
2025-09-23,2025-09-23 10:48:24.150,2025-09-23 11:18:25.025,SHORT,25195.0,25162.0,32.0,14400.0,TIME
2025-09-23,2025-09-23 11:24:01.712,2025-09-23 11:54:01.866,SHORT,25169.8,25188.5,-19.700000000000728,-8865.000000000327,TIME
2025-09-23,2025-09-23 13:05:36.512,2025-09-23 13:34:16.435,LONG,25275.0,25303.1,27.099999999998545,12194.999999999345,TRAIL_SL
2025-09-23,2025-09-23 13:44:35.240,2025-09-23 14:14:35.989,LONG,25297.0,25285.0,-13.0,-5850.0,TIME
2025-09-23,2025-09-23 14:51:32.886,2025-09-23 15:02:10.727,LONG,25284.8,25264.1,-21.700000000000728,-9765.000000000327,SL
2025-09-23,2025-09-23 15:08:28.314,2025-09-23 15:30:01.196,LONG,25252.0,25252.1,-0.9000000000014552,-405.00000000065484,EOD
2025-09-25,2025-09-25 09:16:01.388,2025-09-25 09:16:16.616,SHORT,25054.9,25060.0,-6.099999999998545,-2744.999999999345,VWAP_CROSS
2025-09-25,2025-09-25 09:22:40.597,2025-09-25 09:30:26.616,LONG,25113.1,25096.0,-18.099999999998545,-8144.999999999345,VWAP_CROSS
2025-09-25,2025-09-25 09:36:49.111,2025-09-25 09:37:17.361,SHORT,25093.0,25099.2,-7.200000000000728,-3240.0000000003274,VWAP_CROSS
2025-09-25,2025-09-25 09:43:14.094,2025-09-25 09:43:18.901,SHORT,25098.1,25099.5,-2.400000000001455,-1080.0000000006548,VWAP_CROSS
2025-09-25,2025-09-25 09:49:05.893,2025-09-25 09:52:19.524,SHORT,25076.0,25096.4,-21.400000000001455,-9630.000000000655,VWAP_CROSS
2025-09-25,2025-09-25 09:58:03.143,2025-09-25 09:59:25.872,LONG,25100.8,25096.0,-5.799999999999272,-2609.9999999996726,VWAP_CROSS
2025-09-25,2025-09-25 10:10:27.171,2025-09-25 10:40:29.147,SHORT,25083.5,25048.4,34.099999999998545,15344.999999999345,TIME
2025-09-25,2025-09-25 10:46:12.656,2025-09-25 10:52:40.153,SHORT,25044.0,25064.4,-21.400000000001455,-9630.000000000655,SL
2025-09-25,2025-09-25 10:59:07.155,2025-09-25 11:13:21.194,SHORT,25055.4,25076.2,-21.799999999999272,-9809.999999999673,SL
2025-09-25,2025-09-25 11:20:03.735,2025-09-25 11:22:01.765,SHORT,25073.4,25082.0,-9.599999999998545,-4319.999999999345,VWAP_CROSS
2025-09-25,2025-09-25 11:28:01.902,2025-09-25 11:53:59.435,SHORT,25060.0,25035.9,23.099999999998545,10394.999999999345,TRAIL_SL
2025-09-25,2025-09-25 13:02:15.840,2025-09-25 13:09:23.062,SHORT,25036.6,25057.5,-21.900000000001455,-9855.000000000655,SL
2025-09-25,2025-09-25 13:17:25.633,2025-09-25 13:44:26.935,SHORT,25030.0,25050.0,-21.0,-9450.0,SL
2025-09-25,2025-09-25 13:50:32.113,2025-09-25 14:13:41.793,SHORT,25055.0,25020.0,34.0,15300.0,TRAIL_SL
2025-09-25,2025-09-25 14:19:32.029,2025-09-25 14:49:33.318,SHORT,25014.0,25001.1,11.900000000001455,5355.000000000655,TIME
2025-09-25,2025-09-25 14:55:30.003,2025-09-25 15:11:58.523,SHORT,24998.0,24969.6,27.400000000001455,12330.000000000655,TRAIL_SL
2025-09-25,2025-09-25 15:17:38.464,2025-09-25 15:30:00.142,SHORT,24971.5,24962.0,8.5,3825.0,EOD
2025-10-03,2025-10-03 13:02:33.420,2025-10-03 13:02:34.678,SHORT,24940.1,24946.2,-7.100000000002183,-3195.0000000009823,VWAP_CROSS
2025-10-03,2025-10-03 13:38:18.681,2025-10-03 13:42:53.470,SHORT,24942.0,24947.4,-6.400000000001455,-2880.000000000655,VWAP_CROSS
2025-10-03,2025-10-03 13:50:13.678,2025-10-03 13:54:01.228,SHORT,24935.0,24948.7,-14.700000000000728,-6615.000000000327,VWAP_CROSS
2025-10-03,2025-10-03 14:11:13.246,2025-10-03 14:30:44.216,SHORT,24938.3,24946.0,-8.700000000000728,-3915.0000000003274,VWAP_CROSS
2025-10-03,2025-10-03 14:37:49.227,2025-10-03 15:00:43.301,LONG,24974.1,25001.9,26.80000000000291,12060.00000000131,TRAIL_SL
2025-10-03,2025-10-03 15:07:31.801,2025-10-03 15:20:12.115,LONG,25015.5,24995.5,-21.0,-9450.0,SL
2025-10-06,2025-10-06 09:18:02.973,2025-10-06 09:19:44.692,LONG,25017.7,25020.0,1.2999999999992724,584.9999999996726,VWAP_CROSS
2025-10-06,2025-10-06 09:25:27.186,2025-10-06 09:28:05.226,SHORT,25013.7,25013.3,-0.5999999999985448,-269.99999999934516,VWAP_CROSS
2025-10-06,2025-10-06 09:33:57.710,2025-10-06 09:36:07.707,SHORT,25000.0,25010.0,-11.0,-4950.0,VWAP_CROSS
2025-10-06,2025-10-06 09:41:40.475,2025-10-06 10:11:41.081,LONG,25031.0,25050.8,18.799999999999272,8459.999999999673,TIME
2025-10-06,2025-10-06 10:21:10.365,2025-10-06 10:51:11.336,LONG,25075.0,25068.0,-8.0,-3600.0,TIME
2025-10-06,2025-10-06 10:57:42.039,2025-10-06 11:27:42.756,LONG,25088.2,25093.1,3.899999999997817,1754.9999999990177,TIME
2025-10-06,2025-10-06 13:02:20.844,2025-10-06 13:32:20.871,LONG,25138.5,25188.9,49.400000000001455,22230.000000000655,TIME
2025-10-06,2025-10-06 13:38:25.606,2025-10-06 13:49:10.175,LONG,25192.8,25172.4,-21.399999999997817,-9629.999999999018,SL
2025-10-06,2025-10-06 13:55:13.921,2025-10-06 14:18:54.021,LONG,25176.3,25156.0,-21.299999999999272,-9584.999999999673,SL
2025-10-06,2025-10-06 14:24:56.527,2025-10-06 14:54:57.157,LONG,25165.1,25180.0,13.900000000001455,6255.000000000655,TIME
2025-10-07,2025-10-07 09:15:36.985,2025-10-07 09:15:38.015,SHORT,25205.2,25211.7,-7.5,-3375.0,VWAP_CROSS
2025-10-07,2025-10-07 09:21:31.292,2025-10-07 09:22:13.447,SHORT,25193.2,25201.0,-8.799999999999272,-3959.9999999996726,VWAP_CROSS
2025-10-07,2025-10-07 09:27:45.794,2025-10-07 09:28:09.273,SHORT,25193.0,25203.1,-11.099999999998545,-4994.999999999345,VWAP_CROSS
2025-10-07,2025-10-07 09:34:13.231,2025-10-07 09:58:55.579,LONG,25215.0,25274.5,58.5,26325.0,TRAIL_SL
2025-10-07,2025-10-07 10:05:04.263,2025-10-07 10:24:36.985,LONG,25289.9,25268.9,-22.0,-9900.0,SL
2025-10-07,2025-10-07 10:36:56.510,2025-10-07 11:03:19.474,LONG,25264.9,25244.0,-21.900000000001455,-9855.000000000655,VWAP_CROSS
2025-10-07,2025-10-07 11:12:19.765,2025-10-07 11:12:44.268,SHORT,25246.0,25247.0,-2.0,-900.0,VWAP_CROSS
2025-10-07,2025-10-07 11:20:26.268,2025-10-07 11:38:46.707,SHORT,25239.0,25211.2,26.799999999999272,12059.999999999673,TRAIL_SL
2025-10-07,2025-10-07 13:13:57.334,2025-10-07 13:43:59.065,LONG,25279.9,25301.0,20.099999999998545,9044.999999999345,TIME
2025-10-07,2025-10-07 13:53:26.107,2025-10-07 14:23:26.350,LONG,25295.2,25284.9,-11.299999999999272,-5084.999999999673,TIME
2025-10-07,2025-10-07 14:29:56.341,2025-10-07 14:30:02.357,LONG,25261.0,25255.5,-6.5,-2925.0,VWAP_CROSS
2025-10-07,2025-10-07 14:36:36.672,2025-10-07 14:43:27.287,SHORT,25235.0,25255.0,-21.0,-9450.0,SL
2025-10-07,2025-10-07 14:49:17.914,2025-10-07 14:49:21.402,SHORT,25255.0,25255.9,-1.9000000000014552,-855.0000000006548,VWAP_CROSS
2025-10-07,2025-10-07 14:55:07.860,2025-10-07 15:25:07.921,SHORT,25246.2,25221.1,24.100000000002183,10845.000000000982,TIME
2025-10-08,2025-10-08 09:15:37.614,2025-10-08 09:15:56.028,SHORT,25196.0,25200.0,-5.0,-2250.0,VWAP_CROSS
2025-10-08,2025-10-08 09:21:52.771,2025-10-08 09:48:20.787,LONG,25253.0,25253.0,-1.0,-450.0,VWAP_CROSS
2025-10-08,2025-10-08 09:54:38.217,2025-10-08 09:55:36.405,SHORT,25250.0,25256.4,-7.400000000001455,-3330.000000000655,VWAP_CROSS
2025-10-08,2025-10-08 10:01:43.217,2025-10-08 10:02:14.551,SHORT,25251.7,25255.0,-4.299999999999272,-1934.9999999996726,VWAP_CROSS
2025-10-08,2025-10-08 10:08:25.238,2025-10-08 10:09:16.460,SHORT,25253.0,25254.8,-2.7999999999992724,-1259.9999999996726,VWAP_CROSS
2025-10-08,2025-10-08 10:15:03.339,2025-10-08 10:45:03.577,SHORT,25240.0,25213.2,25.799999999999272,11609.999999999673,TIME
2025-10-08,2025-10-08 10:51:36.454,2025-10-08 11:12:17.225,SHORT,25205.0,25145.0,59.0,26550.0,TRAIL_SL
2025-10-08,2025-10-08 11:19:30.001,2025-10-08 11:27:04.555,SHORT,25115.2,25136.0,-21.799999999999272,-9809.999999999673,SL
2025-10-08,2025-10-08 13:00:25.295,2025-10-08 13:09:41.096,SHORT,25176.0,25181.6,-6.599999999998545,-2969.999999999345,VWAP_CROSS
2025-10-08,2025-10-08 13:15:58.549,2025-10-08 13:16:14.657,SHORT,25175.0,25179.9,-5.900000000001455,-2655.000000000655,VWAP_CROSS
2025-10-08,2025-10-08 13:22:12.870,2025-10-08 13:31:18.199,LONG,25198.2,25178.4,-20.799999999999272,-9359.999999999673,VWAP_CROSS
2025-10-08,2025-10-08 13:55:55.437,2025-10-08 14:06:55.527,LONG,25215.0,25192.1,-23.900000000001455,-10755.000000000655,SL
2025-10-08,2025-10-08 14:12:26.395,2025-10-08 14:42:26.831,SHORT,25165.0,25153.3,10.700000000000728,4815.000000000327,TIME
2025-10-08,2025-10-08 14:50:27.477,2025-10-08 15:20:27.654,SHORT,25137.0,25122.3,13.700000000000728,6165.000000000327,TIME
2025-10-09,2025-10-09 09:15:53.498,2025-10-09 09:15:58.001,SHORT,25150.0,25155.0,-6.0,-2700.0,VWAP_CROSS
2025-10-09,2025-10-09 09:21:51.710,2025-10-09 09:35:21.492,LONG,25178.5,25172.0,-7.5,-3375.0,VWAP_CROSS
2025-10-09,2025-10-09 09:42:16.754,2025-10-09 09:42:18.746,SHORT,25173.5,25175.0,-2.5,-1125.0,VWAP_CROSS
2025-10-09,2025-10-09 09:48:05.220,2025-10-09 09:48:44.034,SHORT,25167.4,25173.0,-6.599999999998545,-2969.999999999345,VWAP_CROSS
2025-10-09,2025-10-09 09:55:10.942,2025-10-09 10:22:21.859,SHORT,25155.0,25164.2,-10.200000000000728,-4590.000000000327,VWAP_CROSS
2025-10-09,2025-10-09 10:35:25.282,2025-10-09 11:05:25.606,LONG,25191.0,25231.9,39.900000000001455,17955.000000000655,TIME
2025-10-09,2025-10-09 11:12:28.323,2025-10-09 11:19:49.870,LONG,25266.3,25245.1,-22.200000000000728,-9990.000000000327,SL
2025-10-09,2025-10-09 11:29:32.089,2025-10-09 11:59:32.161,LONG,25258.1,25260.0,0.9000000000014552,405.00000000065484,TIME
2025-10-09,2025-10-09 13:55:29.659,2025-10-09 14:13:25.921,LONG,25280.0,25260.0,-21.0,-9450.0,SL
2025-10-09,2025-10-09 14:20:30.959,2025-10-09 14:28:02.455,LONG,25235.0,25217.0,-19.0,-8550.0,VWAP_CROSS
2025-10-09,2025-10-09 14:36:29.812,2025-10-09 15:05:20.460,LONG,25229.8,25271.6,40.79999999999927,18359.999999999673,TRAIL_SL
2025-10-10,2025-10-10 09:15:27.155,2025-10-10 09:15:31.943,SHORT,25273.6,25274.0,-1.4000000000014552,-630.0000000006548,VWAP_CROSS
2025-10-10,2025-10-10 09:22:20.202,2025-10-10 09:52:03.560,LONG,25330.4,25375.5,44.099999999998545,19844.999999999345,TRAIL_SL
2025-10-10,2025-10-10 10:03:39.692,2025-10-10 10:33:39.737,LONG,25383.9,25398.0,13.099999999998545,5894.999999999345,TIME
2025-10-10,2025-10-10 10:46:16.237,2025-10-10 11:07:57.747,LONG,25380.1,25418.0,36.900000000001455,16605.000000000655,TRAIL_SL
2025-10-10,2025-10-10 11:15:21.728,2025-10-10 11:26:50.043,LONG,25440.0,25420.0,-21.0,-9450.0,SL
2025-10-10,2025-10-10 13:02:15.069,2025-10-10 13:28:50.382,LONG,25443.0,25422.9,-21.099999999998545,-9494.999999999345,SL
2025-10-10,2025-10-10 13:34:28.373,2025-10-10 14:04:28.631,LONG,25449.1,25440.0,-10.099999999998545,-4544.999999999345,TIME
2025-10-10,2025-10-10 14:20:10.119,2025-10-10 14:50:10.885,LONG,25420.2,25418.7,-2.5,-1125.0,TIME
2025-10-13,2025-10-13 09:15:39.259,2025-10-13 09:17:36.273,SHORT,25323.1,25287.2,34.89999999999782,15704.999999999018,TRAIL_SL
2025-10-13,2025-10-13 09:23:47.442,2025-10-13 09:27:36.754,SHORT,25303.5,25305.0,-2.5,-1125.0,VWAP_CROSS
2025-10-13,2025-10-13 09:33:41.107,2025-10-13 09:39:13.467,SHORT,25256.0,25276.0,-21.0,-9450.0,SL
2025-10-13,2025-10-13 09:45:03.730,2025-10-13 09:51:09.200,LONG,25295.1,25290.4,-5.69999999999709,-2564.9999999986903,VWAP_CROSS
2025-10-13,2025-10-13 09:56:46.779,2025-10-13 10:09:56.530,SHORT,25288.0,25290.0,-3.0,-1350.0,VWAP_CROSS
2025-10-13,2025-10-13 10:16:01.066,2025-10-13 10:29:59.773,SHORT,25277.0,25288.9,-12.900000000001455,-5805.000000000655,VWAP_CROSS
2025-10-13,2025-10-13 10:36:20.021,2025-10-13 10:42:59.023,LONG,25291.0,25285.1,-6.900000000001455,-3105.000000000655,VWAP_CROSS
2025-10-13,2025-10-13 10:49:24.303,2025-10-13 11:19:24.627,SHORT,25282.5,25257.9,23.599999999998545,10619.999999999345,TIME
2025-10-13,2025-10-13 11:25:27.565,2025-10-13 11:40:10.808,SHORT,25238.6,25260.0,-22.400000000001455,-10080.000000000655,SL
2025-10-13,2025-10-13 13:01:45.091,2025-10-13 13:13:53.636,SHORT,25280.0,25281.6,-2.599999999998545,-1169.9999999993452,VWAP_CROSS
2025-10-13,2025-10-13 13:19:29.879,2025-10-13 13:21:03.423,SHORT,25280.0,25282.0,-3.0,-1350.0,VWAP_CROSS
2025-10-13,2025-10-13 13:26:57.839,2025-10-13 13:31:33.623,SHORT,25270.0,25282.0,-13.0,-5850.0,VWAP_CROSS
2025-10-13,2025-10-13 13:41:12.370,2025-10-13 13:41:30.123,SHORT,25277.1,25282.0,-5.900000000001455,-2655.000000000655,VWAP_CROSS
2025-10-13,2025-10-13 13:51:42.420,2025-10-13 13:52:10.682,SHORT,25280.0,25281.0,-2.0,-900.0,VWAP_CROSS
2025-10-13,2025-10-13 13:58:13.131,2025-10-13 14:02:50.869,SHORT,25272.0,25281.4,-10.400000000001455,-4680.000000000655,VWAP_CROSS
2025-10-13,2025-10-13 14:08:46.011,2025-10-13 14:38:46.118,LONG,25297.8,25330.9,32.10000000000218,14445.000000000982,TIME
2025-10-13,2025-10-13 14:45:02.166,2025-10-13 15:00:40.805,LONG,25325.1,25305.1,-21.0,-9450.0,SL
2025-10-14,2025-10-14 09:15:33.150,2025-10-14 09:15:34.129,LONG,25346.0,25345.1,-1.9000000000014552,-855.0000000006548,VWAP_CROSS
2025-10-14,2025-10-14 09:21:47.193,2025-10-14 09:26:55.529,LONG,25364.0,25354.1,-10.900000000001455,-4905.000000000655,VWAP_CROSS
2025-10-14,2025-10-14 09:32:53.550,2025-10-14 09:33:47.508,LONG,25360.1,25355.0,-6.099999999998545,-2744.999999999345,VWAP_CROSS
2025-10-14,2025-10-14 09:40:19.881,2025-10-14 10:03:20.290,SHORT,25325.0,25272.9,51.099999999998545,22994.999999999345,TRAIL_SL
2025-10-14,2025-10-14 10:09:01.362,2025-10-14 10:39:01.597,SHORT,25273.2,25283.4,-11.200000000000728,-5040.000000000327,TIME
2025-10-14,2025-10-14 10:45:31.046,2025-10-14 10:46:30.345,SHORT,25293.9,25308.2,-15.299999999999272,-6884.999999999673,VWAP_CROSS
2025-10-14,2025-10-14 10:53:49.100,2025-10-14 11:13:08.549,SHORT,25276.0,25246.5,28.5,12825.0,TRAIL_SL
2025-10-14,2025-10-14 11:18:43.445,2025-10-14 11:48:43.809,SHORT,25212.5,25205.0,6.5,2925.0,TIME
2025-10-14,2025-10-14 13:00:32.494,2025-10-14 13:30:32.581,SHORT,25158.8,25165.0,-7.200000000000728,-3240.0000000003274,TIME
2025-10-14,2025-10-14 13:36:40.941,2025-10-14 14:06:41.858,SHORT,25185.0,25190.7,-6.700000000000728,-3015.0000000003274,TIME
2025-10-14,2025-10-14 14:13:40.088,2025-10-14 14:15:27.439,SHORT,25172.0,25192.0,-21.0,-9450.0,SL
2025-10-14,2025-10-14 14:25:10.595,2025-10-14 14:30:57.491,SHORT,25195.0,25218.4,-24.400000000001455,-10980.000000000655,SL
2025-10-14,2025-10-14 14:37:36.886,2025-10-14 14:38:17.836,LONG,25250.0,25237.4,-13.599999999998545,-6119.999999999345,VWAP_CROSS
2025-10-14,2025-10-14 14:44:46.903,2025-10-14 14:44:47.162,SHORT,25233.7,25239.6,-6.899999999997817,-3104.9999999990177,VWAP_CROSS
2025-10-14,2025-10-14 14:51:07.924,2025-10-14 14:52:50.387,SHORT,25225.2,25238.3,-14.099999999998545,-6344.999999999345,VWAP_CROSS
2025-10-14,2025-10-14 14:58:31.373,2025-10-14 15:28:31.446,SHORT,25230.0,25187.3,41.70000000000073,18765.000000000327,TIME
2025-10-15,2025-10-15 09:16:26.400,2025-10-15 09:36:50.410,LONG,25329.7,25335.0,4.299999999999272,1934.9999999996726,VWAP_CROSS
2025-10-15,2025-10-15 09:43:07.438,2025-10-15 09:45:35.025,SHORT,25325.0,25337.2,-13.200000000000728,-5940.000000000327,VWAP_CROSS
2025-10-15,2025-10-15 09:51:02.949,2025-10-15 10:10:27.720,SHORT,25310.0,25330.1,-21.099999999998545,-9494.999999999345,SL
2025-10-15,2025-10-15 10:16:14.487,2025-10-15 10:46:15.508,LONG,25354.1,25387.7,32.60000000000218,14670.000000000982,TIME
2025-10-15,2025-10-15 10:51:47.957,2025-10-15 11:21:49.050,LONG,25390.0,25397.0,6.0,2700.0,TIME
2025-10-15,2025-10-15 11:27:49.782,2025-10-15 11:57:50.529,LONG,25407.3,25414.0,5.700000000000728,2565.0000000003274,TIME
2025-10-15,2025-10-15 13:09:48.577,2025-10-15 13:39:49.358,LONG,25430.2,25450.3,19.099999999998545,8594.999999999345,TIME
2025-10-15,2025-10-15 13:50:11.127,2025-10-15 14:04:02.613,LONG,25439.7,25418.0,-22.700000000000728,-10215.000000000327,SL
2025-10-15,2025-10-15 14:09:47.339,2025-10-15 14:39:48.621,LONG,25425.1,25421.1,-5.0,-2250.0,TIME
2025-10-15,2025-10-15 14:48:24.125,2025-10-15 15:18:24.404,LONG,25417.3,25425.0,6.700000000000728,3015.0000000003274,TIME
2025-10-15,2025-10-15 15:24:32.927,2025-10-15 15:30:00.169,LONG,25431.9,25433.9,1.0,450.0,EOD
2025-10-16,2025-10-16 09:15:38.478,2025-10-16 09:16:09.643,LONG,25495.0,25492.0,-4.0,-1800.0,VWAP_CROSS
2025-10-16,2025-10-16 09:21:37.908,2025-10-16 09:25:19.837,LONG,25500.4,25497.6,-3.8000000000029104,-1710.0000000013097,VWAP_CROSS
2025-10-16,2025-10-16 09:31:41.056,2025-10-16 09:39:15.740,LONG,25515.2,25502.3,-13.900000000001455,-6255.000000000655,VWAP_CROSS
2025-10-16,2025-10-16 09:44:48.999,2025-10-16 10:12:39.299,LONG,25510.1,25503.9,-7.19999999999709,-3239.9999999986903,VWAP_CROSS
2025-10-16,2025-10-16 10:19:32.780,2025-10-16 10:23:06.560,LONG,25515.0,25505.9,-10.099999999998545,-4544.999999999345,VWAP_CROSS
2025-10-16,2025-10-16 10:28:32.806,2025-10-16 10:58:32.819,LONG,25532.6,25545.0,11.400000000001455,5130.000000000655,TIME
2025-10-16,2025-10-16 11:06:41.561,2025-10-16 11:36:42.100,LONG,25546.1,25540.0,-7.099999999998545,-3194.999999999345,TIME
2025-10-16,2025-10-16 13:14:57.922,2025-10-16 13:44:57.963,LONG,25615.0,25628.7,12.700000000000728,5715.000000000327,TIME
2025-10-16,2025-10-16 13:53:26.421,2025-10-16 14:13:51.950,LONG,25628.2,25654.0,24.799999999999272,11159.999999999673,TRAIL_SL
2025-10-16,2025-10-16 14:19:37.975,2025-10-16 14:38:42.982,LONG,25652.0,25682.3,29.299999999999272,13184.999999999673,TRAIL_SL
2025-10-16,2025-10-16 14:44:06.961,2025-10-16 14:50:48.942,LONG,25691.2,25671.0,-21.200000000000728,-9540.000000000327,SL
2025-10-16,2025-10-16 14:57:26.999,2025-10-16 15:03:07.477,LONG,25690.1,25670.0,-21.099999999998545,-9494.999999999345,SL
2025-10-17,2025-10-17 09:15:44.809,2025-10-17 09:15:45.881,SHORT,25599.9,25605.7,-6.799999999999272,-3059.9999999996726,VWAP_CROSS
2025-10-17,2025-10-17 09:22:00.397,2025-10-17 09:23:05.505,LONG,25612.1,25603.0,-10.099999999998545,-4544.999999999345,VWAP_CROSS
2025-10-17,2025-10-17 09:28:58.188,2025-10-17 09:49:43.166,LONG,25654.4,25634.0,-21.400000000001455,-9630.000000000655,SL
2025-10-17,2025-10-17 09:59:40.701,2025-10-17 10:14:54.184,LONG,25664.0,25722.1,57.099999999998545,25694.999999999345,TRAIL_SL
2025-10-17,2025-10-17 10:24:25.012,2025-10-17 10:54:25.519,LONG,25722.1,25768.0,44.900000000001455,20205.000000000655,TIME
2025-10-17,2025-10-17 11:00:05.851,2025-10-17 11:25:16.403,LONG,25788.0,25816.0,27.0,12150.0,TRAIL_SL
2025-10-17,2025-10-17 13:02:35.830,2025-10-17 13:04:08.774,LONG,25765.0,25745.0,-21.0,-9450.0,SL
2025-10-17,2025-10-17 13:10:43.030,2025-10-17 13:17:59.529,SHORT,25708.9,25729.8,-21.899999999997817,-9854.999999999018,SL
2025-10-17,2025-10-17 13:24:27.858,2025-10-17 13:24:45.076,LONG,25744.0,25731.2,-13.799999999999272,-6209.999999999673,VWAP_CROSS
2025-10-17,2025-10-17 13:31:25.530,2025-10-17 13:36:51.305,SHORT,25723.0,25677.0,45.0,20250.0,TRAIL_SL
2025-10-17,2025-10-17 13:42:32.557,2025-10-17 13:58:20.058,SHORT,25689.9,25712.0,-23.099999999998545,-10394.999999999345,SL
2025-10-17,2025-10-17 14:08:26.058,2025-10-17 14:15:15.568,LONG,25735.0,25725.4,-10.599999999998545,-4769.999999999345,VWAP_CROSS
2025-10-17,2025-10-17 14:20:45.842,2025-10-17 14:48:43.158,LONG,25750.0,25780.0,29.0,13050.0,TRAIL_SL
2025-10-17,2025-10-17 14:54:13.225,2025-10-17 15:01:21.092,LONG,25776.9,25755.6,-22.30000000000291,-10035.00000000131,SL
2025-10-17,2025-10-17 15:07:02.137,2025-10-17 15:10:30.381,LONG,25772.8,25751.1,-22.700000000000728,-10215.000000000327,SL
2025-10-20,2025-10-20 09:16:05.372,2025-10-20 09:19:56.638,LONG,25961.8,25948.8,-14.0,-6300.0,VWAP_CROSS
2025-10-20,2025-10-20 09:25:54.898,2025-10-20 09:26:15.426,SHORT,25886.4,25908.4,-23.0,-10350.0,SL
2025-10-20,2025-10-20 09:32:06.363,2025-10-20 09:32:52.701,SHORT,25922.1,25939.8,-18.700000000000728,-8415.000000000327,VWAP_CROSS
2025-10-20,2025-10-20 09:39:32.401,2025-10-20 09:46:59.490,SHORT,25894.9,25850.0,43.900000000001455,19755.000000000655,TRAIL_SL
2025-10-20,2025-10-20 09:53:10.930,2025-10-20 09:57:14.437,SHORT,25850.0,25870.0,-21.0,-9450.0,SL
2025-10-20,2025-10-20 10:03:45.932,2025-10-20 10:14:44.916,SHORT,25879.2,25899.6,-21.399999999997817,-9629.999999999018,SL
2025-10-20,2025-10-20 10:22:58.729,2025-10-20 10:39:38.801,SHORT,25884.2,25904.8,-21.599999999998545,-9719.999999999345,SL
2025-10-20,2025-10-20 10:45:21.020,2025-10-20 10:46:08.908,SHORT,25908.0,25912.0,-5.0,-2250.0,VWAP_CROSS
2025-10-20,2025-10-20 10:57:36.685,2025-10-20 10:57:42.935,LONG,25910.0,25905.6,-5.400000000001455,-2430.000000000655,VWAP_CROSS
2025-10-20,2025-10-20 11:17:28.710,2025-10-20 11:47:29.245,SHORT,25899.9,25875.0,23.900000000001455,10755.000000000655,TIME
2025-10-20,2025-10-20 13:00:59.559,2025-10-20 13:31:00.274,LONG,25929.9,25939.9,9.0,4050.0,TIME
2025-10-20,2025-10-20 13:39:53.299,2025-10-20 13:48:54.772,LONG,25920.6,25908.0,-13.599999999998545,-6119.999999999345,VWAP_CROSS
2025-10-20,2025-10-20 13:56:53.785,2025-10-20 13:56:54.590,SHORT,25905.0,25908.7,-4.700000000000728,-2115.0000000003274,VWAP_CROSS
2025-10-20,2025-10-20 14:03:26.558,2025-10-20 14:14:56.584,SHORT,25898.0,25908.5,-11.5,-5175.0,VWAP_CROSS
2025-10-20,2025-10-20 14:21:30.076,2025-10-20 14:51:30.562,SHORT,25880.0,25885.0,-6.0,-2700.0,TIME
2025-10-20,2025-10-20 14:57:02.860,2025-10-20 15:08:38.854,SHORT,25889.7,25904.9,-16.200000000000728,-7290.000000000327,VWAP_CROSS
2025-10-23,2025-10-23 09:21:14.966,2025-10-23 09:21:18.432,LONG,26085.4,26076.9,-9.5,-4275.0,VWAP_CROSS
2025-10-23,2025-10-23 09:26:50.992,2025-10-23 09:39:13.436,LONG,26124.3,26152.0,26.700000000000728,12015.000000000327,TRAIL_SL
2025-10-23,2025-10-23 09:45:14.443,2025-10-23 09:52:32.194,LONG,26150.0,26132.0,-19.0,-8550.0,VWAP_CROSS
2025-10-23,2025-10-23 09:58:04.549,2025-10-23 10:00:08.835,SHORT,26115.0,26132.0,-18.0,-8100.0,VWAP_CROSS
2025-10-23,2025-10-23 10:06:17.572,2025-10-23 10:30:22.515,LONG,26146.1,26135.0,-12.099999999998545,-5444.999999999345,VWAP_CROSS
2025-10-23,2025-10-23 10:36:32.228,2025-10-23 10:36:57.479,SHORT,26130.0,26138.0,-9.0,-4050.0,VWAP_CROSS
2025-10-23,2025-10-23 10:43:08.957,2025-10-23 10:45:29.758,LONG,26139.8,26135.5,-5.299999999999272,-2384.9999999996726,VWAP_CROSS
2025-10-23,2025-10-23 10:51:23.252,2025-10-23 10:58:49.946,SHORT,26126.1,26136.1,-11.0,-4950.0,VWAP_CROSS
2025-10-23,2025-10-23 11:04:38.535,2025-10-23 11:14:32.423,SHORT,26129.3,26135.0,-6.700000000000728,-3015.0000000003274,VWAP_CROSS
2025-10-23,2025-10-23 11:21:47.484,2025-10-23 11:24:00.278,SHORT,26129.9,26135.0,-6.099999999998545,-2744.999999999345,VWAP_CROSS
2025-10-23,2025-10-23 11:29:35.261,2025-10-23 11:36:07.252,SHORT,26122.5,26135.0,-13.5,-6075.0,VWAP_CROSS
2025-10-23,2025-10-23 13:01:19.367,2025-10-23 13:17:16.559,SHORT,26130.0,26140.6,-11.599999999998545,-5219.999999999345,VWAP_CROSS
2025-10-23,2025-10-23 13:23:46.630,2025-10-23 13:38:27.867,SHORT,26135.0,26090.0,44.0,19800.0,TRAIL_SL
2025-10-23,2025-10-23 13:44:34.290,2025-10-23 14:02:47.624,SHORT,26099.5,26053.5,45.0,20250.0,TRAIL_SL
2025-10-23,2025-10-23 14:08:26.459,2025-10-23 14:22:31.698,SHORT,26048.0,26020.2,26.799999999999272,12059.999999999673,TRAIL_SL
2025-10-23,2025-10-23 14:28:45.400,2025-10-23 14:35:44.875,SHORT,26006.0,26026.9,-21.900000000001455,-9855.000000000655,SL
2025-10-23,2025-10-23 14:41:38.403,2025-10-23 14:42:49.892,SHORT,26040.0,26060.0,-21.0,-9450.0,SL
2025-10-23,2025-10-23 14:48:36.899,2025-10-23 15:05:22.738,SHORT,26064.8,26001.4,62.39999999999782,28079.999999999018,TRAIL_SL
2025-10-23,2025-10-23 15:11:02.154,2025-10-23 15:19:12.954,SHORT,25960.4,25981.0,-21.599999999998545,-9719.999999999345,SL
2025-10-24,2025-10-24 09:16:02.886,2025-10-24 09:20:31.487,SHORT,25953.0,25920.3,31.700000000000728,14265.000000000327,TRAIL_SL
2025-10-24,2025-10-24 09:26:14.988,2025-10-24 09:27:03.936,LONG,25952.0,25937.2,-15.799999999999272,-7109.999999999673,VWAP_CROSS
2025-10-24,2025-10-24 09:38:56.672,2025-10-24 09:42:43.183,LONG,25979.0,25958.5,-21.5,-9675.0,SL
2025-10-24,2025-10-24 09:50:15.407,2025-10-24 09:50:24.898,LONG,25952.3,25950.1,-3.2000000000007276,-1440.0000000003274,VWAP_CROSS
2025-10-24,2025-10-24 09:56:08.201,2025-10-24 09:56:21.196,SHORT,25941.1,25949.4,-9.30000000000291,-4185.00000000131,VWAP_CROSS
2025-10-24,2025-10-24 10:05:16.427,2025-10-24 10:05:47.602,SHORT,25945.0,25949.9,-5.900000000001455,-2655.000000000655,VWAP_CROSS
2025-10-24,2025-10-24 10:11:30.927,2025-10-24 10:12:31.721,LONG,25955.6,25948.4,-8.19999999999709,-3689.9999999986903,VWAP_CROSS
2025-10-24,2025-10-24 10:18:32.182,2025-10-24 10:33:26.967,SHORT,25899.2,25873.5,24.700000000000728,11115.000000000327,TRAIL_SL
2025-10-24,2025-10-24 10:39:06.169,2025-10-24 11:07:19.132,SHORT,25876.2,25842.0,33.20000000000073,14940.000000000327,TRAIL_SL
2025-10-24,2025-10-24 11:13:06.754,2025-10-24 11:42:04.619,SHORT,25863.0,25887.0,-25.0,-11250.0,SL
2025-10-24,2025-10-24 13:01:07.371,2025-10-24 13:30:23.070,SHORT,25850.0,25809.2,39.79999999999927,17909.999999999673,TRAIL_SL
2025-10-24,2025-10-24 13:35:57.803,2025-10-24 13:44:47.154,SHORT,25788.0,25754.4,32.599999999998545,14669.999999999345,TRAIL_SL
2025-10-24,2025-10-24 13:51:08.332,2025-10-24 13:56:33.844,SHORT,25748.6,25768.9,-21.30000000000291,-9585.00000000131,SL
2025-10-24,2025-10-24 14:02:39.431,2025-10-24 14:07:50.154,SHORT,25762.8,25783.0,-21.200000000000728,-9540.000000000327,SL
2025-10-24,2025-10-24 14:13:24.481,2025-10-24 14:43:25.161,SHORT,25795.0,25786.0,8.0,3600.0,TIME
2025-10-24,2025-10-24 14:51:43.102,2025-10-24 15:00:29.724,SHORT,25770.0,25790.0,-21.0,-9450.0,SL
2025-10-27,2025-10-27 09:15:59.574,2025-10-27 09:18:16.582,LONG,25913.3,25912.0,-2.2999999999992724,-1034.9999999996726,VWAP_CROSS
2025-10-27,2025-10-27 09:24:26.319,2025-10-27 09:47:35.304,LONG,25938.0,25998.2,59.20000000000073,26640.000000000327,TRAIL_SL
2025-10-27,2025-10-27 09:53:58.562,2025-10-27 10:12:07.564,LONG,26000.0,26033.0,32.0,14400.0,TRAIL_SL
2025-10-27,2025-10-27 10:18:31.577,2025-10-27 10:36:44.373,LONG,26039.7,26016.6,-24.100000000002183,-10845.000000000982,SL
2025-10-27,2025-10-27 10:44:59.341,2025-10-27 11:14:59.590,LONG,26030.1,26035.2,4.100000000002183,1845.0000000009823,TIME
2025-10-27,2025-10-27 11:23:48.103,2025-10-27 11:40:59.916,LONG,26039.5,26019.1,-21.400000000001455,-9630.000000000655,SL
2025-10-27,2025-10-27 13:02:53.969,2025-10-27 13:10:01.475,LONG,26017.9,26005.0,-13.900000000001455,-6255.000000000655,VWAP_CROSS
2025-10-27,2025-10-27 13:16:08.225,2025-10-27 13:16:20.281,LONG,26010.1,26007.1,-4.0,-1800.0,VWAP_CROSS
2025-10-27,2025-10-27 13:21:59.471,2025-10-27 13:24:57.769,SHORT,25970.0,25991.0,-22.0,-9900.0,SL
2025-10-27,2025-10-27 13:31:23.967,2025-10-27 13:50:04.451,SHORT,25979.7,26000.3,-21.599999999998545,-9719.999999999345,SL
2025-10-27,2025-10-27 13:56:52.703,2025-10-27 13:59:14.628,SHORT,26000.0,26005.0,-6.0,-2700.0,VWAP_CROSS
2025-10-27,2025-10-27 14:05:14.190,2025-10-27 14:05:19.472,LONG,26006.1,26004.5,-2.599999999998545,-1169.9999999993452,VWAP_CROSS
2025-10-27,2025-10-27 14:13:00.523,2025-10-27 14:17:21.895,SHORT,25995.4,26005.0,-10.599999999998545,-4769.999999999345,VWAP_CROSS
2025-10-27,2025-10-27 14:25:53.758,2025-10-27 14:46:02.514,LONG,26020.2,26005.0,-16.200000000000728,-7290.000000000327,VWAP_CROSS
2025-10-27,2025-10-27 14:52:14.037,2025-10-27 14:57:57.783,SHORT,25998.6,26004.9,-7.30000000000291,-3285.0000000013097,VWAP_CROSS
2025-10-27,2025-10-27 15:04:03.661,2025-10-27 15:08:05.841,SHORT,25996.6,26006.0,-10.400000000001455,-4680.000000000655,VWAP_CROSS
2025-10-27,2025-10-27 15:14:46.019,2025-10-27 15:15:26.703,LONG,26010.2,26001.7,-9.5,-4275.0,VWAP_CROSS
2025-10-28,2025-10-28 09:15:51.867,2025-10-28 09:16:02.625,LONG,26025.2,26020.7,-5.5,-2475.0,VWAP_CROSS
2025-10-28,2025-10-28 09:21:45.170,2025-10-28 09:23:04.389,SHORT,25986.0,26010.1,-25.099999999998545,-11294.999999999345,VWAP_CROSS
2025-10-28,2025-10-28 09:28:52.417,2025-10-28 09:29:13.426,SHORT,25995.0,26005.8,-11.799999999999272,-5309.999999999673,VWAP_CROSS
2025-10-28,2025-10-28 09:34:54.389,2025-10-28 09:50:16.382,LONG,26052.7,26030.9,-22.799999999999272,-10259.999999999673,SL
2025-10-28,2025-10-28 09:56:20.404,2025-10-28 10:02:56.901,SHORT,25997.0,25965.0,31.0,13950.0,TRAIL_SL
2025-10-28,2025-10-28 10:09:07.215,2025-10-28 10:39:08.907,SHORT,25918.0,25890.0,27.0,12150.0,TIME
2025-10-28,2025-10-28 10:44:45.253,2025-10-28 10:56:51.265,SHORT,25906.0,25882.0,23.0,10350.0,TRAIL_SL
2025-10-28,2025-10-28 11:04:01.231,2025-10-28 11:18:54.526,SHORT,25859.9,25881.3,-22.399999999997817,-10079.999999999018,SL
2025-10-28,2025-10-28 11:24:28.214,2025-10-28 11:42:31.995,SHORT,25890.3,25911.0,-21.700000000000728,-9765.000000000327,SL
2025-10-28,2025-10-28 13:01:42.084,2025-10-28 13:04:43.062,LONG,25965.7,25945.0,-21.700000000000728,-9765.000000000327,SL
2025-10-28,2025-10-28 13:11:35.560,2025-10-28 13:16:02.583,LONG,25950.1,25928.3,-22.799999999999272,-10259.999999999673,VWAP_CROSS
2025-10-28,2025-10-28 13:24:25.289,2025-10-28 13:40:59.834,LONG,25944.0,25932.5,-12.5,-5625.0,VWAP_CROSS
2025-10-28,2025-10-28 13:47:01.876,2025-10-28 14:00:50.567,SHORT,25881.0,25901.9,-21.900000000001455,-9855.000000000655,SL
2025-10-28,2025-10-28 14:06:37.354,2025-10-28 14:14:46.595,SHORT,25860.6,25884.5,-24.900000000001455,-11205.000000000655,SL
2025-10-28,2025-10-28 14:21:26.139,2025-10-28 14:29:29.598,SHORT,25863.5,25837.3,25.200000000000728,11340.000000000327,TRAIL_SL
2025-10-28,2025-10-28 14:35:02.120,2025-10-28 14:56:09.679,SHORT,25838.0,25858.0,-21.0,-9450.0,SL
2025-10-28,2025-10-28 15:01:48.678,2025-10-28 15:01:52.627,SHORT,25904.8,25914.0,-10.200000000000728,-4590.000000000327,VWAP_CROSS
2025-10-31,2025-10-31 10:30:08.428,2025-10-31 10:30:08.720,LONG,25997.9,25997.1,-1.8000000000029104,-810.0000000013097,VWAP_CROSS
2025-10-31,2025-10-31 10:35:46.035,2025-10-31 10:35:51.786,SHORT,25960.2,25965.5,-6.299999999999272,-2834.9999999996726,VWAP_CROSS
2025-10-31,2025-10-31 10:42:12.696,2025-10-31 10:42:20.651,SHORT,25958.4,25960.0,-2.599999999998545,-1169.9999999993452,VWAP_CROSS
2025-10-31,2025-10-31 10:48:28.551,2025-10-31 10:52:40.469,LONG,25973.9,25961.0,-13.900000000001455,-6255.000000000655,VWAP_CROSS
2025-10-31,2025-10-31 10:59:00.901,2025-10-31 11:13:48.609,SHORT,25950.0,25923.8,25.200000000000728,11340.000000000327,TRAIL_SL
2025-10-31,2025-10-31 11:19:41.277,2025-10-31 11:26:36.331,SHORT,25928.0,25943.7,-16.700000000000728,-7515.000000000327,VWAP_CROSS
2025-10-31,2025-10-31 13:03:22.114,2025-10-31 13:03:27.338,SHORT,25945.0,25948.4,-4.400000000001455,-1980.0000000006548,VWAP_CROSS
2025-10-31,2025-10-31 13:09:14.278,2025-10-31 13:09:14.804,LONG,25946.0,25945.2,-1.7999999999992724,-809.9999999996726,VWAP_CROSS
2025-10-31,2025-10-31 13:25:44.941,2025-10-31 13:55:44.941,SHORT,25937.7,25919.0,17.700000000000728,7965.000000000327,TIME
2025-10-31,2025-10-31 14:02:22.797,2025-10-31 14:32:22.906,SHORT,25917.3,25928.9,-12.600000000002183,-5670.000000000982,TIME
2025-10-31,2025-10-31 14:38:01.201,2025-10-31 15:08:01.349,SHORT,25914.9,25905.4,8.5,3825.0,TIME
2025-11-04,2025-11-04 09:15:49.579,2025-11-04 09:17:49.347,LONG,25887.9,25890.0,1.0999999999985448,494.99999999934516,VWAP_CROSS
2025-11-04,2025-11-04 09:24:03.591,2025-11-04 09:33:26.569,SHORT,25866.0,25837.0,28.0,12600.0,TRAIL_SL
2025-11-04,2025-11-04 09:39:02.786,2025-11-04 10:04:33.782,SHORT,25826.0,25839.0,-14.0,-6300.0,VWAP_CROSS
2025-11-04,2025-11-04 10:10:13.623,2025-11-04 10:34:25.300,SHORT,25815.0,25832.2,-18.200000000000728,-8190.000000000327,VWAP_CROSS
2025-11-04,2025-11-04 10:39:59.573,2025-11-04 11:00:35.508,SHORT,25816.0,25832.8,-17.799999999999272,-8009.999999999673,VWAP_CROSS
2025-11-04,2025-11-04 11:08:59.827,2025-11-04 11:38:59.849,SHORT,25804.9,25774.0,29.900000000001455,13455.000000000655,TIME
2025-11-04,2025-11-04 13:01:07.738,2025-11-04 13:31:08.212,SHORT,25785.7,25769.0,15.700000000000728,7065.000000000327,TIME
2025-11-04,2025-11-04 13:36:53.941,2025-11-04 13:41:59.685,SHORT,25767.9,25788.0,-21.099999999998545,-9494.999999999345,SL
2025-11-04,2025-11-04 13:49:12.215,2025-11-04 14:17:33.022,SHORT,25775.0,25735.0,39.0,17550.0,TRAIL_SL
2025-11-04,2025-11-04 14:23:06.210,2025-11-04 14:29:36.703,SHORT,25715.7,25736.0,-21.299999999999272,-9584.999999999673,SL
2025-11-04,2025-11-04 14:35:53.596,2025-11-04 15:05:53.779,SHORT,25744.0,25715.5,27.5,12375.0,TIME
2025-11-06,2025-11-06 09:16:04.908,2025-11-06 09:25:25.274,LONG,25775.9,25781.0,4.099999999998545,1844.9999999993452,VWAP_CROSS
2025-11-06,2025-11-06 09:30:52.156,2025-11-06 10:00:18.168,SHORT,25750.0,25763.2,-14.200000000000728,-6390.000000000327,VWAP_CROSS
2025-11-06,2025-11-06 10:07:23.510,2025-11-06 10:11:31.167,SHORT,25730.0,25678.9,50.099999999998545,22544.999999999345,TRAIL_SL
2025-11-06,2025-11-06 10:17:31.881,2025-11-06 10:47:32.248,SHORT,25654.8,25655.0,-1.2000000000007276,-540.0000000003274,TIME
2025-11-06,2025-11-06 10:53:02.502,2025-11-06 11:00:37.574,SHORT,25661.0,25681.8,-21.799999999999272,-9809.999999999673,SL
2025-11-06,2025-11-06 11:06:19.460,2025-11-06 11:29:20.983,SHORT,25685.0,25654.0,30.0,13500.0,TRAIL_SL
2025-11-06,2025-11-06 13:00:28.010,2025-11-06 13:00:31.063,SHORT,25706.0,25710.0,-5.0,-2250.0,VWAP_CROSS
2025-11-06,2025-11-06 13:07:08.318,2025-11-06 13:33:41.581,SHORT,25699.9,25706.9,-8.0,-3600.0,VWAP_CROSS
2025-11-06,2025-11-06 13:41:39.302,2025-11-06 13:56:23.817,SHORT,25675.1,25632.9,41.19999999999709,18539.99999999869,TRAIL_SL
2025-11-06,2025-11-06 14:02:46.826,2025-11-06 14:32:47.146,SHORT,25636.5,25644.5,-9.0,-4050.0,TIME
2025-11-06,2025-11-06 14:40:15.622,2025-11-06 14:59:06.385,SHORT,25644.0,25664.0,-21.0,-9450.0,SL
2025-11-07,2025-11-07 09:16:02.766,2025-11-07 09:17:48.270,SHORT,25488.8,25497.4,-9.600000000002183,-4320.000000000982,VWAP_CROSS
2025-11-07,2025-11-07 09:23:36.284,2025-11-07 09:26:24.809,SHORT,25443.5,25464.0,-21.5,-9675.0,SL
2025-11-07,2025-11-07 09:33:06.765,2025-11-07 09:47:00.544,SHORT,25447.9,25468.0,-21.099999999998545,-9494.999999999345,VWAP_CROSS
2025-11-07,2025-11-07 09:53:16.566,2025-11-07 09:53:32.911,SHORT,25465.0,25470.0,-6.0,-2700.0,VWAP_CROSS
2025-11-07,2025-11-07 09:59:24.764,2025-11-07 10:20:36.267,SHORT,25449.8,25465.8,-17.0,-7650.0,VWAP_CROSS
2025-11-07,2025-11-07 10:28:17.001,2025-11-07 10:28:55.555,SHORT,25455.0,25466.9,-12.900000000001455,-5805.000000000655,VWAP_CROSS
2025-11-07,2025-11-07 10:35:24.104,2025-11-07 10:56:46.340,LONG,25478.4,25466.1,-13.30000000000291,-5985.00000000131,VWAP_CROSS
2025-11-07,2025-11-07 11:14:28.585,2025-11-07 11:34:07.086,LONG,25510.2,25563.6,52.39999999999782,23579.999999999018,TRAIL_SL
2025-11-07,2025-11-07 13:01:03.634,2025-11-07 13:28:04.912,LONG,25590.3,25633.0,41.70000000000073,18765.000000000327,TRAIL_SL
2025-11-07,2025-11-07 13:34:08.501,2025-11-07 13:51:57.685,LONG,25642.0,25621.9,-21.099999999998545,-9494.999999999345,SL
2025-11-07,2025-11-07 13:58:17.212,2025-11-07 14:01:30.222,LONG,25602.2,25580.0,-23.200000000000728,-10440.000000000327,SL
2025-11-07,2025-11-07 14:07:38.950,2025-11-07 14:31:58.454,LONG,25565.1,25630.0,63.900000000001455,28755.000000000655,TRAIL_SL
2025-11-07,2025-11-07 14:51:43.017,2025-11-07 15:01:32.999,LONG,25600.0,25580.0,-21.0,-9450.0,SL
2025-11-07,2025-11-07 15:07:06.251,2025-11-07 15:19:58.721,LONG,25570.1,25600.0,28.900000000001455,13005.000000000655,TRAIL_SL
2025-11-11,2025-11-11 09:15:52.074,2025-11-11 09:18:24.417,SHORT,25720.0,25669.9,49.099999999998545,22094.999999999345,TRAIL_SL
2025-11-11,2025-11-11 09:23:48.850,2025-11-11 09:37:47.771,SHORT,25647.0,25610.0,36.0,16200.0,TRAIL_SL
2025-11-11,2025-11-11 09:43:20.587,2025-11-11 09:44:32.609,SHORT,25630.0,25639.8,-10.799999999999272,-4859.999999999673,VWAP_CROSS
2025-11-11,2025-11-11 09:50:56.918,2025-11-11 09:57:59.872,SHORT,25603.5,25624.0,-21.5,-9675.0,SL
2025-11-11,2025-11-11 10:03:47.111,2025-11-11 10:03:47.926,SHORT,25630.0,25633.0,-4.0,-1800.0,VWAP_CROSS
2025-11-11,2025-11-11 10:14:03.899,2025-11-11 10:39:04.506,SHORT,25627.1,25570.0,56.099999999998545,25244.999999999345,TRAIL_SL
2025-11-11,2025-11-11 10:46:23.620,2025-11-11 10:56:56.145,SHORT,25570.0,25592.5,-23.5,-10575.0,SL
2025-11-11,2025-11-11 11:02:36.896,2025-11-11 11:32:36.933,SHORT,25593.0,25587.6,4.400000000001455,1980.0000000006548,TIME
2025-11-11,2025-11-11 13:17:18.504,2025-11-11 13:40:54.760,LONG,25710.1,25740.0,28.900000000001455,13005.000000000655,TRAIL_SL
2025-11-11,2025-11-11 13:49:01.595,2025-11-11 13:59:05.069,LONG,25771.0,25750.9,-21.099999999998545,-9494.999999999345,SL
2025-11-11,2025-11-11 14:06:24.789,2025-11-11 14:29:15.083,LONG,25765.0,25794.0,28.0,12600.0,TRAIL_SL
2025-11-11,2025-11-11 14:35:30.566,2025-11-11 14:37:15.323,LONG,25807.1,25787.0,-21.099999999998545,-9494.999999999345,SL
2025-11-11,2025-11-11 14:45:12.821,2025-11-11 15:15:13.085,LONG,25782.9,25797.0,13.099999999998545,5894.999999999345,TIME
2025-11-11,2025-11-11 15:20:53.391,2025-11-11 15:30:00.081,LONG,25805.0,25831.8,25.799999999999272,11609.999999999673,EOD
2025-11-12,2025-11-12 09:15:41.683,2025-11-12 09:16:06.741,SHORT,25938.0,25938.0,-1.0,-450.0,VWAP_CROSS
2025-11-12,2025-11-12 09:22:17.227,2025-11-12 09:22:27.900,LONG,25945.4,25937.1,-9.30000000000291,-4185.00000000131,VWAP_CROSS
2025-11-12,2025-11-12 09:27:52.545,2025-11-12 09:27:53.169,SHORT,25940.0,25944.0,-5.0,-2250.0,VWAP_CROSS
2025-11-12,2025-11-12 09:33:32.807,2025-11-12 09:41:52.719,SHORT,25921.0,25935.0,-15.0,-6750.0,VWAP_CROSS
2025-11-12,2025-11-12 09:47:31.495,2025-11-12 09:55:54.559,LONG,25942.2,25934.7,-8.5,-3825.0,VWAP_CROSS
2025-11-12,2025-11-12 10:02:53.293,2025-11-12 10:03:33.566,LONG,25940.0,25935.0,-6.0,-2700.0,VWAP_CROSS
2025-11-12,2025-11-12 10:09:45.800,2025-11-12 10:09:46.835,SHORT,25932.9,25937.8,-5.899999999997817,-2654.9999999990177,VWAP_CROSS
2025-11-12,2025-11-12 10:15:22.271,2025-11-12 10:15:25.047,SHORT,25934.1,25936.0,-2.900000000001455,-1305.0000000006548,VWAP_CROSS
2025-11-12,2025-11-12 10:21:32.899,2025-11-12 10:23:32.461,SHORT,25930.0,25936.9,-7.900000000001455,-3555.000000000655,VWAP_CROSS
2025-11-12,2025-11-12 10:30:15.267,2025-11-12 10:30:27.917,SHORT,25933.1,25938.9,-6.80000000000291,-3060.0000000013097,VWAP_CROSS
2025-11-12,2025-11-12 10:37:08.628,2025-11-12 11:07:09.310,LONG,25957.1,25961.1,3.0,1350.0,TIME
2025-11-12,2025-11-12 11:14:19.642,2025-11-12 11:44:20.842,LONG,25970.0,25980.3,9.299999999999272,4184.999999999673,TIME
2025-11-12,2025-11-12 13:00:46.848,2025-11-12 13:30:47.225,LONG,26004.1,25991.3,-13.799999999999272,-6209.999999999673,TIME
2025-11-12,2025-11-12 13:39:54.212,2025-11-12 14:03:21.130,LONG,26011.5,25991.1,-21.400000000001455,-9630.000000000655,SL
2025-11-12,2025-11-12 14:11:47.549,2025-11-12 14:41:47.671,LONG,25990.0,25983.5,-7.5,-3375.0,TIME
2025-11-12,2025-11-12 14:49:54.238,2025-11-12 15:19:54.385,LONG,25985.0,25986.0,0.0,0.0,TIME
2025-11-13,2025-11-13 09:16:04.829,2025-11-13 09:18:47.540,SHORT,25929.9,25934.5,-5.599999999998545,-2519.999999999345,VWAP_CROSS
2025-11-13,2025-11-13 09:24:38.218,2025-11-13 09:25:34.631,SHORT,25908.5,25925.0,-17.5,-7875.0,VWAP_CROSS
2025-11-13,2025-11-13 09:32:30.846,2025-11-13 09:35:01.160,LONG,25965.1,25945.0,-21.099999999998545,-9494.999999999345,SL
2025-11-13,2025-11-13 09:42:45.611,2025-11-13 09:43:16.398,SHORT,25930.0,25933.0,-4.0,-1800.0,VWAP_CROSS
2025-11-13,2025-11-13 09:49:11.368,2025-11-13 10:19:12.046,LONG,25962.1,25996.0,32.900000000001455,14805.000000000655,TIME
2025-11-13,2025-11-13 10:24:54.811,2025-11-13 10:54:55.026,LONG,25998.1,26032.0,32.900000000001455,14805.000000000655,TIME
2025-11-13,2025-11-13 11:00:42.091,2025-11-13 11:30:42.132,LONG,26038.9,26049.9,10.0,4500.0,TIME
2025-11-13,2025-11-13 13:03:12.576,2025-11-13 13:33:13.007,LONG,26058.0,26058.0,-1.0,-450.0,TIME
2025-11-13,2025-11-13 13:40:10.729,2025-11-13 13:53:09.707,LONG,26078.1,26058.0,-21.099999999998545,-9494.999999999345,SL
2025-11-13,2025-11-13 13:59:42.521,2025-11-13 13:59:56.752,LONG,26026.5,26015.0,-12.5,-5625.0,VWAP_CROSS
2025-11-13,2025-11-13 14:05:21.444,2025-11-13 14:14:20.794,SHORT,25984.9,25957.1,26.80000000000291,12060.00000000131,TRAIL_SL
2025-11-13,2025-11-13 14:19:43.656,2025-11-13 14:49:45.024,SHORT,25986.0,25994.0,-9.0,-4050.0,TIME
2025-11-13,2025-11-13 14:57:13.280,2025-11-13 15:27:14.250,SHORT,25965.0,25958.0,6.0,2700.0,TIME
2025-11-17,2025-11-17 09:15:35.534,2025-11-17 09:15:48.628,LONG,26010.6,26002.4,-9.19999999999709,-4139.99999999869,VWAP_CROSS
2025-11-17,2025-11-17 09:21:41.322,2025-11-17 09:24:47.927,LONG,26024.6,26004.5,-21.099999999998545,-9494.999999999345,VWAP_CROSS
2025-11-17,2025-11-17 09:30:59.369,2025-11-17 09:40:54.991,LONG,26045.1,26023.2,-22.899999999997817,-10304.999999999018,SL
2025-11-17,2025-11-17 09:48:17.461,2025-11-17 09:48:23.846,LONG,26025.7,26020.6,-6.100000000002183,-2745.0000000009823,VWAP_CROSS
2025-11-17,2025-11-17 09:57:45.144,2025-11-17 10:02:45.016,LONG,26048.8,26026.9,-22.899999999997817,-10304.999999999018,SL
2025-11-17,2025-11-17 10:08:34.953,2025-11-17 10:08:40.713,SHORT,26022.0,26029.9,-8.900000000001455,-4005.000000000655,VWAP_CROSS
2025-11-17,2025-11-17 10:14:49.701,2025-11-17 10:14:55.462,SHORT,26022.0,26025.0,-4.0,-1800.0,VWAP_CROSS
2025-11-17,2025-11-17 10:28:43.973,2025-11-17 10:56:53.227,SHORT,26006.0,26022.4,-17.400000000001455,-7830.000000000655,VWAP_CROSS
2025-11-17,2025-11-17 11:12:40.225,2025-11-17 11:12:50.233,SHORT,26019.0,26025.0,-7.0,-3150.0,VWAP_CROSS
2025-11-17,2025-11-17 11:20:56.986,2025-11-17 11:49:30.513,SHORT,26010.0,26018.8,-9.799999999999272,-4409.999999999673,VWAP_CROSS
2025-11-17,2025-11-17 13:08:03.815,2025-11-17 13:38:04.340,LONG,26044.0,26062.0,17.0,7650.0,TIME
2025-11-17,2025-11-17 13:44:09.299,2025-11-17 14:14:10.614,LONG,26055.6,26074.0,17.400000000001455,7830.000000000655,TIME
2025-11-17,2025-11-17 14:20:20.071,2025-11-17 14:50:20.103,LONG,26049.4,26053.0,2.599999999998545,1169.9999999993452,TIME
2025-11-17,2025-11-17 14:57:23.429,2025-11-17 15:27:23.742,LONG,26052.0,26060.0,7.0,3150.0,TIME
2025-11-18,2025-11-18 09:16:13.305,2025-11-18 09:16:56.789,SHORT,25969.3,25982.5,-14.200000000000728,-6390.000000000327,VWAP_CROSS
2025-11-18,2025-11-18 09:22:49.166,2025-11-18 09:22:49.935,SHORT,25981.0,25983.6,-3.599999999998545,-1619.9999999993452,VWAP_CROSS
2025-11-18,2025-11-18 09:28:57.820,2025-11-18 09:30:43.403,LONG,25996.4,25984.8,-12.600000000002183,-5670.000000000982,VWAP_CROSS
2025-11-18,2025-11-18 09:36:39.543,2025-11-18 09:37:13.191,LONG,25987.2,25985.0,-3.2000000000007276,-1440.0000000003274,VWAP_CROSS
2025-11-18,2025-11-18 09:43:41.903,2025-11-18 09:44:06.411,SHORT,25981.0,25986.3,-6.299999999999272,-2834.9999999996726,VWAP_CROSS
2025-11-18,2025-11-18 09:49:35.196,2025-11-18 10:00:37.150,SHORT,25970.9,25922.0,47.900000000001455,21555.000000000655,TRAIL_SL
2025-11-18,2025-11-18 10:06:11.743,2025-11-18 10:36:11.969,SHORT,25945.1,25918.5,25.599999999998545,11519.999999999345,TIME
2025-11-18,2025-11-18 10:41:48.992,2025-11-18 10:49:56.751,SHORT,25937.4,25957.0,-20.599999999998545,-9269.999999999345,VWAP_CROSS
2025-11-18,2025-11-18 11:00:45.983,2025-11-18 11:29:33.790,LONG,25970.0,25956.5,-14.5,-6525.0,VWAP_CROSS
2025-11-18,2025-11-18 13:06:11.842,2025-11-18 13:36:12.119,LONG,25997.0,26010.6,12.599999999998545,5669.999999999345,TIME
2025-11-18,2025-11-18 13:42:01.331,2025-11-18 14:12:01.403,LONG,26002.8,26025.2,21.400000000001455,9630.000000000655,TIME
2025-11-18,2025-11-18 14:32:52.880,2025-11-18 15:00:39.865,LONG,25994.5,25976.0,-19.5,-8775.0,VWAP_CROSS
2025-11-19,2025-11-19 09:16:35.139,2025-11-19 09:18:42.599,LONG,25931.0,25913.7,-18.299999999999272,-8234.999999999673,VWAP_CROSS
2025-11-19,2025-11-19 09:24:24.919,2025-11-19 09:34:14.050,LONG,25922.0,25920.5,-2.5,-1125.0,VWAP_CROSS
2025-11-19,2025-11-19 09:40:05.356,2025-11-19 09:48:40.849,LONG,25942.3,25923.5,-19.799999999999272,-8909.999999999673,VWAP_CROSS
2025-11-19,2025-11-19 09:56:59.929,2025-11-19 10:27:00.844,LONG,25948.0,25993.0,44.0,19800.0,TIME
2025-11-19,2025-11-19 10:32:50.155,2025-11-19 10:48:30.394,LONG,25997.4,25975.5,-22.900000000001455,-10305.000000000655,SL
2025-11-19,2025-11-19 11:11:22.113,2025-11-19 11:11:24.911,SHORT,25949.1,25954.1,-6.0,-2700.0,VWAP_CROSS
2025-11-19,2025-11-19 13:03:33.479,2025-11-19 13:33:33.754,LONG,26049.8,26044.9,-5.899999999997817,-2654.9999999990177,TIME
2025-11-19,2025-11-19 13:42:39.944,2025-11-19 14:12:42.989,LONG,26026.0,26061.9,34.900000000001455,15705.000000000655,TIME
2025-11-19,2025-11-19 14:18:25.833,2025-11-19 14:48:26.325,LONG,26081.0,26079.8,-2.2000000000007276,-990.0000000003274,TIME
2025-11-19,2025-11-19 14:55:47.921,2025-11-19 15:25:48.843,LONG,26080.2,26067.0,-14.200000000000728,-6390.000000000327,TIME
2025-11-20,2025-11-20 09:15:27.208,2025-11-20 09:16:04.663,LONG,26135.5,26132.7,-3.7999999999992724,-1709.9999999996726,VWAP_CROSS
2025-11-20,2025-11-20 09:21:36.239,2025-11-20 09:29:11.469,SHORT,26116.8,26115.3,0.5,225.0,VWAP_CROSS
2025-11-20,2025-11-20 09:35:17.727,2025-11-20 09:37:09.713,LONG,26124.1,26116.0,-9.099999999998545,-4094.999999999345,VWAP_CROSS
2025-11-20,2025-11-20 09:42:51.217,2025-11-20 10:06:39.970,SHORT,26111.0,26115.0,-5.0,-2250.0,VWAP_CROSS
2025-11-20,2025-11-20 10:12:21.091,2025-11-20 10:12:21.554,SHORT,26109.9,26117.0,-8.099999999998545,-3644.999999999345,VWAP_CROSS
2025-11-20,2025-11-20 10:18:21.713,2025-11-20 10:48:22.518,LONG,26127.0,26162.0,34.0,15300.0,TIME
2025-11-20,2025-11-20 10:54:40.387,2025-11-20 11:00:04.610,LONG,26168.1,26148.0,-21.099999999998545,-9494.999999999345,SL
2025-11-20,2025-11-20 11:06:20.293,2025-11-20 11:36:20.755,LONG,26155.1,26162.0,5.900000000001455,2655.000000000655,TIME
2025-11-20,2025-11-20 13:00:35.341,2025-11-20 13:30:35.635,LONG,26184.9,26218.0,32.099999999998545,14444.999999999345,TIME
2025-11-20,2025-11-20 13:36:32.004,2025-11-20 14:06:32.188,LONG,26229.8,26250.0,19.200000000000728,8640.000000000327,TIME
2025-11-20,2025-11-20 14:15:30.155,2025-11-20 14:28:29.213,LONG,26255.0,26232.0,-24.0,-10800.0,SL
2025-11-20,2025-11-20 14:34:17.918,2025-11-20 15:02:42.429,LONG,26225.4,26205.2,-21.200000000000728,-9540.000000000327,SL
2025-11-21,2025-11-21 09:16:32.959,2025-11-21 09:16:33.981,SHORT,26141.8,26143.7,-2.900000000001455,-1305.0000000006548,VWAP_CROSS
2025-11-21,2025-11-21 09:22:29.945,2025-11-21 09:30:39.788,LONG,26160.2,26157.8,-3.400000000001455,-1530.0000000006548,VWAP_CROSS
2025-11-21,2025-11-21 09:36:27.823,2025-11-21 09:36:29.571,SHORT,26160.0,26162.0,-3.0,-1350.0,VWAP_CROSS
2025-11-21,2025-11-21 09:42:34.293,2025-11-21 09:56:27.986,SHORT,26156.6,26124.3,31.299999999999272,14084.999999999673,TRAIL_SL
2025-11-21,2025-11-21 10:04:01.676,2025-11-21 10:34:02.117,SHORT,26108.0,26090.0,17.0,7650.0,TIME
2025-11-21,2025-11-21 10:40:17.670,2025-11-21 10:59:53.919,SHORT,26093.0,26113.9,-21.900000000001455,-9855.000000000655,SL
2025-11-21,2025-11-21 11:05:22.397,2025-11-21 11:14:11.219,SHORT,26100.7,26121.0,-21.299999999999272,-9584.999999999673,SL
2025-11-21,2025-11-21 11:19:59.145,2025-11-21 11:29:01.416,SHORT,26120.0,26121.6,-2.599999999998545,-1169.9999999993452,VWAP_CROSS
2025-11-21,2025-11-21 13:00:41.978,2025-11-21 13:08:47.742,LONG,26187.0,26167.0,-21.0,-9450.0,SL
2025-11-21,2025-11-21 13:16:25.706,2025-11-21 13:17:58.799,LONG,26143.5,26130.0,-14.5,-6525.0,VWAP_CROSS
2025-11-21,2025-11-21 13:23:58.482,2025-11-21 13:34:57.469,SHORT,26121.0,26129.9,-9.900000000001455,-4455.000000000655,VWAP_CROSS
2025-11-21,2025-11-21 13:40:44.971,2025-11-21 13:40:53.270,LONG,26132.3,26128.7,-4.599999999998545,-2069.999999999345,VWAP_CROSS
2025-11-21,2025-11-21 13:46:55.976,2025-11-21 13:50:47.995,SHORT,26120.0,26130.0,-11.0,-4950.0,VWAP_CROSS
2025-11-21,2025-11-21 13:58:06.013,2025-11-21 14:28:06.296,LONG,26141.7,26164.0,21.299999999999272,9584.999999999673,TIME
2025-11-21,2025-11-21 14:34:28.049,2025-11-21 14:40:38.509,LONG,26165.5,26142.1,-24.400000000001455,-10980.000000000655,SL
2025-11-21,2025-11-21 14:46:16.043,2025-11-21 14:46:58.060,LONG,26137.6,26132.6,-6.0,-2700.0,VWAP_CROSS
2025-11-21,2025-11-21 14:52:52.078,2025-11-21 15:22:52.567,SHORT,26106.0,26075.0,30.0,13500.0,TIME
2025-11-24,2025-11-24 09:15:32.448,2025-11-24 09:15:34.081,SHORT,26130.5,26134.9,-5.400000000001455,-2430.000000000655,VWAP_CROSS
2025-11-24,2025-11-24 09:21:10.346,2025-11-24 09:23:40.347,LONG,26130.2,26131.0,-0.2000000000007276,-90.00000000032742,VWAP_CROSS
2025-11-24,2025-11-24 09:29:32.219,2025-11-24 09:31:12.602,LONG,26134.0,26132.0,-3.0,-1350.0,VWAP_CROSS
2025-11-24,2025-11-24 09:36:48.174,2025-11-24 09:50:22.912,SHORT,26100.0,26120.0,-21.0,-9450.0,SL
2025-11-24,2025-11-24 10:01:33.656,2025-11-24 10:01:36.183,SHORT,26117.1,26121.5,-5.400000000001455,-2430.000000000655,VWAP_CROSS
2025-11-24,2025-11-24 10:08:00.416,2025-11-24 10:38:00.419,LONG,26131.6,26163.2,30.600000000002183,13770.000000000982,TIME
2025-11-24,2025-11-24 10:48:07.421,2025-11-24 10:54:25.704,LONG,26153.9,26132.4,-22.5,-10125.0,SL
2025-11-24,2025-11-24 11:00:28.943,2025-11-24 11:01:05.688,SHORT,26130.0,26132.0,-3.0,-1350.0,VWAP_CROSS
2025-11-24,2025-11-24 11:07:49.476,2025-11-24 11:25:36.723,SHORT,26125.0,26132.9,-8.900000000001455,-4005.000000000655,VWAP_CROSS
2025-11-24,2025-11-24 13:02:12.543,2025-11-24 13:32:13.183,SHORT,26103.9,26092.0,10.900000000001455,4905.000000000655,TIME
2025-11-24,2025-11-24 13:39:07.313,2025-11-24 14:09:08.078,SHORT,26090.0,26067.5,21.5,9675.0,TIME
2025-11-24,2025-11-24 14:15:11.132,2025-11-24 14:38:04.165,SHORT,26071.8,26046.0,24.799999999999272,11159.999999999673,TRAIL_SL
2025-11-24,2025-11-24 14:43:55.381,2025-11-24 15:05:24.222,SHORT,26050.0,26000.0,49.0,22050.0,TRAIL_SL
2025-11-25,2025-11-25 13:01:08.013,2025-11-25 13:05:52.065,SHORT,25976.5,25985.0,-9.5,-4275.0,VWAP_CROSS
2025-11-25,2025-11-25 13:11:19.771,2025-11-25 13:19:47.570,LONG,26008.7,25989.4,-20.299999999999272,-9134.999999999673,VWAP_CROSS
2025-11-25,2025-11-25 13:28:08.850,2025-11-25 13:41:59.846,LONG,26015.2,25995.0,-21.200000000000728,-9540.000000000327,SL
2025-11-25,2025-11-25 13:56:19.955,2025-11-25 13:57:42.335,LONG,26000.0,25995.1,-5.900000000001455,-2655.000000000655,VWAP_CROSS
2025-11-25,2025-11-25 14:04:16.810,2025-11-25 14:19:06.842,LONG,26015.0,26000.1,-15.900000000001455,-7155.000000000655,VWAP_CROSS
2025-11-25,2025-11-25 14:24:45.145,2025-11-25 14:41:36.408,SHORT,25990.0,25950.9,38.099999999998545,17144.999999999345,TRAIL_SL
2025-11-25,2025-11-25 14:47:14.902,2025-11-25 14:56:39.632,SHORT,25950.0,25919.0,30.0,13500.0,TRAIL_SL
2025-11-25,2025-11-25 15:02:27.132,2025-11-25 15:07:05.402,SHORT,25874.2,25895.0,-21.799999999999272,-9809.999999999673,SL
