Date,Entry Time,Exit Time,Type,Entry Price,Exit Price,Net Points,PnL,Reason,Cumulative PnL,Peak,Drawdown
2025-09-01,2025-09-01 09:16:04.406,2025-09-01 09:46:05.521,LONG,24637.3,24680.0,41.70000000000073,18765.000000000327,TIME,18765.000000000327,18765.000000000327,0.0
2025-09-01,2025-09-01 09:52:06.779,2025-09-01 10:10:38.528,LONG,24678.9,24657.7,-22.200000000000728,-9990.000000000327,SL,8775.0,18765.000000000327,-9990.000000000327
2025-09-01,2025-09-01 10:16:29.543,2025-09-01 10:46:29.592,LONG,24660.0,24680.0,19.0,8550.0,TIME,17325.0,18765.000000000327,-1440.0000000003274
2025-09-01,2025-09-01 10:57:07.580,2025-09-01 11:27:07.801,LONG,24670.0,24685.0,14.0,6300.0,TIME,23625.0,23625.0,0.0
2025-09-01,2025-09-01 11:33:15.097,2025-09-01 11:52:53.076,LONG,24680.0,24659.6,-21.400000000001455,-9630.000000000655,SL,13994.999999999345,23625.0,-9630.000000000655
2025-09-01,2025-09-01 11:59:08.167,2025-09-01 12:29:08.645,LONG,24660.0,24711.0,50.0,22500.0,TIME,36494.999999999345,36494.999999999345,0.0
2025-09-01,2025-09-01 12:35:00.121,2025-09-01 13:05:00.123,LONG,24710.0,24718.0,7.0,3150.0,TIME,39644.999999999345,39644.999999999345,0.0
2025-09-01,2025-09-01 13:10:52.127,2025-09-01 13:40:52.683,LONG,24725.0,24735.0,9.0,4050.0,TIME,43694.999999999345,43694.999999999345,0.0
2025-09-01,2025-09-01 13:48:51.369,2025-09-01 14:18:51.437,LONG,24721.5,24737.5,15.0,6750.0,TIME,50444.999999999345,50444.999999999345,0.0
2025-09-01,2025-09-01 14:24:39.000,2025-09-01 14:54:39.173,LONG,24740.0,24740.0,-1.0,-450.0,TIME,49994.999999999345,50444.999999999345,-450.0
2025-09-02,2025-09-02 09:15:58.512,2025-09-02 09:40:13.610,SHORT,24785.0,24805.7,-21.700000000000728,-9765.000000000327,SL,40229.99999999902,50444.999999999345,-10215.000000000327
2025-09-02,2025-09-02 09:45:45.648,2025-09-02 09:52:08.876,SHORT,24809.8,24837.0,-28.200000000000728,-12690.000000000327,SL,27539.99999999869,50444.999999999345,-22905.000000000655
2025-09-02,2025-09-02 09:57:35.183,2025-09-02 10:27:36.179,LONG,24832.2,24847.0,13.799999999999272,6209.999999999673,TIME,33749.99999999836,50444.999999999345,-16695.000000000982
2025-09-02,2025-09-02 10:34:46.415,2025-09-02 11:04:47.287,LONG,24839.0,24856.8,16.799999999999272,7559.999999999673,TIME,41309.999999998035,50444.999999999345,-9135.00000000131
2025-09-02,2025-09-02 11:10:38.145,2025-09-02 11:22:24.194,LONG,24858.0,24838.0,-21.0,-9450.0,SL,31859.999999998035,50444.999999999345,-18585.00000000131
2025-09-02,2025-09-02 11:30:43.877,2025-09-02 12:00:44.214,LONG,24843.0,24853.0,9.0,4050.0,TIME,35909.999999998035,50444.999999999345,-14535.00000000131
2025-09-02,2025-09-02 12:09:00.431,2025-09-02 12:39:00.754,LONG,24850.5,24866.6,15.099999999998545,6794.999999999345,TIME,42704.99999999738,50444.999999999345,-7740.0000000019645
2025-09-02,2025-09-02 12:44:50.728,2025-09-02 13:14:50.960,SHORT,24868.1,24842.0,25.099999999998545,11294.999999999345,TIME,53999.999999996726,53999.999999996726,0.0
2025-09-02,2025-09-02 13:20:39.438,2025-09-02 13:24:16.545,LONG,24824.0,24803.0,-22.0,-9900.0,SL,44099.999999996726,53999.999999996726,-9900.0
2025-09-02,2025-09-02 13:29:52.986,2025-09-02 13:41:30.955,LONG,24805.0,24780.0,-26.0,-11700.0,SL,32399.999999996726,53999.999999996726,-21600.0
2025-09-02,2025-09-02 13:47:12.285,2025-09-02 14:00:03.221,SHORT,24761.3,24701.3,59.0,26550.0,TP,58949.999999996726,58949.999999996726,0.0
2025-09-02,2025-09-02 14:05:37.047,2025-09-02 14:29:04.136,LONG,24679.9,24655.0,-25.900000000001455,-11655.000000000655,SL,47294.99999999607,58949.999999996726,-11655.000000000655
2025-09-02,2025-09-02 14:35:03.071,2025-09-02 15:05:03.462,LONG,24680.0,24689.8,8.799999999999272,3959.9999999996726,TIME,51254.99999999574,58949.999999996726,-7695.000000000982
2025-09-02,2025-09-02 15:11:17.315,2025-09-02 15:25:08.277,LONG,24703.0,24682.6,-21.400000000001455,-9630.000000000655,SL,41624.99999999509,58949.999999996726,-17325.000000001637
2025-09-03,2025-09-03 09:23:41.504,2025-09-03 09:25:37.495,SHORT,24654.1,24674.2,-21.100000000002183,-9495.000000000982,SL,32129.999999994106,58949.999999996726,-26820.00000000262
2025-09-03,2025-09-03 09:31:26.281,2025-09-03 09:39:06.075,LONG,24689.4,24665.0,-25.400000000001455,-11430.000000000655,SL,20699.99999999345,58949.999999996726,-38250.000000003274
2025-09-03,2025-09-03 09:44:50.248,2025-09-03 09:47:14.061,SHORT,24657.0,24678.5,-22.5,-10125.0,SL,10574.999999993452,58949.999999996726,-48375.000000003274
2025-09-03,2025-09-03 09:52:55.757,2025-09-03 10:22:56.997,LONG,24690.0,24697.2,6.200000000000728,2790.0000000003274,TIME,13364.999999993779,58949.999999996726,-45585.00000000295
2025-09-03,2025-09-03 10:28:50.998,2025-09-03 10:35:22.715,LONG,24708.0,24688.0,-21.0,-9450.0,SL,3914.999999993779,58949.999999996726,-55035.00000000295
2025-09-03,2025-09-03 10:41:28.715,2025-09-03 11:11:29.276,LONG,24668.8,24688.5,18.700000000000728,8415.000000000327,TIME,12329.999999994106,58949.999999996726,-46620.00000000262
2025-09-03,2025-09-03 11:19:42.523,2025-09-03 11:49:42.572,LONG,24687.0,24697.9,9.900000000001455,4455.000000000655,TIME,16784.99999999476,58949.999999996726,-42165.000000001965
2025-09-03,2025-09-03 11:56:37.007,2025-09-03 12:26:41.171,LONG,24708.0,24764.8,55.79999999999927,25109.999999999673,TIME,41894.999999994434,58949.999999996726,-17055.000000002292
2025-09-03,2025-09-03 12:32:48.301,2025-09-03 12:48:09.731,LONG,24754.7,24731.0,-24.700000000000728,-11115.000000000327,SL,30779.999999994106,58949.999999996726,-28170.00000000262
2025-09-03,2025-09-03 12:54:36.742,2025-09-03 13:24:37.037,LONG,24715.0,24727.2,11.200000000000728,5040.000000000327,TIME,35819.999999994434,58949.999999996726,-23130.000000002292
2025-09-03,2025-09-03 13:34:17.940,2025-09-03 13:36:42.595,LONG,24727.0,24706.2,-21.799999999999272,-9809.999999999673,SL,26009.99999999476,58949.999999996726,-32940.000000001965
2025-09-04,2025-09-04 09:16:11.185,2025-09-04 09:20:27.634,LONG,24974.4,24951.6,-23.80000000000291,-10710.00000000131,SL,15299.999999993452,58949.999999996726,-43650.000000003274
2025-09-04,2025-09-04 09:26:04.644,2025-09-04 09:34:29.144,LONG,24965.0,25025.0,59.0,26550.0,TP,41849.99999999345,58949.999999996726,-17100.000000003274
2025-09-04,2025-09-04 09:40:14.062,2025-09-04 10:10:14.135,SHORT,24999.0,24969.0,29.0,13050.0,TIME,54899.99999999345,58949.999999996726,-4050.000000003274
2025-09-04,2025-09-04 10:15:34.442,2025-09-04 10:42:06.393,LONG,24926.0,24906.0,-21.0,-9450.0,SL,45449.99999999345,58949.999999996726,-13500.000000003274
2025-09-04,2025-09-04 10:49:01.397,2025-09-04 11:19:02.709,LONG,24930.0,24927.5,-3.5,-1575.0,TIME,43874.99999999345,58949.999999996726,-15075.000000003274
2025-09-04,2025-09-04 11:24:33.719,2025-09-04 11:54:33.775,LONG,24901.0,24920.0,18.0,8100.0,TIME,51974.99999999345,58949.999999996726,-6975.000000003274
2025-09-04,2025-09-04 12:02:06.515,2025-09-04 12:13:02.448,LONG,24926.4,24905.1,-22.30000000000291,-10035.00000000131,SL,41939.99999999214,58949.999999996726,-17010.000000004584
2025-09-04,2025-09-04 12:19:28.425,2025-09-04 12:24:16.920,LONG,24893.6,24872.0,-22.599999999998545,-10169.999999999345,SL,31769.999999992797,58949.999999996726,-27180.00000000393
2025-09-04,2025-09-04 12:30:42.292,2025-09-04 12:58:41.286,LONG,24881.4,24945.0,62.599999999998545,28169.999999999345,TP,59939.99999999214,59939.99999999214,0.0
2025-09-04,2025-09-04 13:04:15.573,2025-09-04 13:11:21.284,LONG,24940.0,24920.0,-21.0,-9450.0,SL,50489.99999999214,59939.99999999214,-9450.0
2025-09-04,2025-09-04 13:18:32.291,2025-09-04 13:43:26.606,LONG,24920.0,24900.0,-21.0,-9450.0,SL,41039.99999999214,59939.99999999214,-18900.0
2025-09-04,2025-09-04 13:49:17.884,2025-09-04 14:16:56.207,LONG,24881.6,24861.6,-21.0,-9450.0,SL,31589.999999992142,59939.99999999214,-28350.0
2025-09-04,2025-09-04 14:23:16.962,2025-09-04 14:53:17.535,LONG,24845.9,24852.0,5.099999999998545,2294.999999999345,TIME,33884.99999999149,59939.99999999214,-26055.000000000655
2025-09-04,2025-09-04 14:59:19.603,2025-09-04 15:04:49.220,LONG,24847.5,24826.0,-22.5,-10125.0,SL,23759.999999991487,59939.99999999214,-36180.000000000655
2025-09-05,2025-09-05 09:15:30.897,2025-09-05 09:19:26.303,SHORT,24890.0,24911.0,-22.0,-9900.0,SL,13859.999999991487,59939.99999999214,-46080.000000000655
2025-09-05,2025-09-05 09:25:00.910,2025-09-05 09:55:01.154,LONG,24888.0,24897.4,8.400000000001455,3780.000000000655,TIME,17639.999999992142,59939.99999999214,-42300.0
2025-09-05,2025-09-05 10:03:23.641,2025-09-05 10:08:56.717,LONG,24880.0,24860.0,-21.0,-9450.0,SL,8189.999999992142,59939.99999999214,-51750.0
2025-09-05,2025-09-05 10:14:32.984,2025-09-05 10:28:15.924,SHORT,24777.8,24798.0,-21.200000000000728,-9540.000000000327,SL,-1350.0000000081855,59939.99999999214,-61290.00000000033
2025-09-05,2025-09-05 10:33:46.692,2025-09-05 10:52:13.382,LONG,24790.0,24770.0,-21.0,-9450.0,SL,-10800.000000008185,59939.99999999214,-70740.00000000032
2025-09-05,2025-09-05 10:57:49.676,2025-09-05 11:04:32.017,SHORT,24770.1,24794.7,-25.600000000002183,-11520.000000000982,SL,-22320.000000009168,59939.99999999214,-82260.00000000131
2025-09-05,2025-09-05 11:10:25.662,2025-09-05 11:40:25.967,LONG,24778.0,24790.9,11.900000000001455,5355.000000000655,TIME,-16965.000000008513,59939.99999999214,-76905.00000000065
2025-09-05,2025-09-05 11:49:11.939,2025-09-05 12:19:12.413,LONG,24761.6,24742.1,-20.5,-9225.0,TIME,-26190.000000008513,59939.99999999214,-86130.00000000065
2025-09-05,2025-09-05 12:27:37.243,2025-09-05 12:34:32.459,LONG,24753.0,24733.0,-21.0,-9450.0,SL,-35640.00000000851,59939.99999999214,-95580.00000000065
2025-09-05,2025-09-05 12:40:59.711,2025-09-05 13:11:00.038,LONG,24740.0,24754.0,13.0,5850.0,TIME,-29790.000000008513,59939.99999999214,-89730.00000000065
2025-09-05,2025-09-05 13:18:31.862,2025-09-05 13:22:56.255,LONG,24780.0,24760.0,-21.0,-9450.0,SL,-39240.00000000851,59939.99999999214,-99180.00000000065
2025-09-05,2025-09-05 13:34:46.563,2025-09-05 13:47:23.294,LONG,24790.0,24852.0,61.0,27450.0,TP,-11790.000000008513,59939.99999999214,-71730.00000000065
2025-09-05,2025-09-05 13:53:18.016,2025-09-05 14:00:45.815,LONG,24835.0,24895.0,59.0,26550.0,TP,14759.999999991487,59939.99999999214,-45180.000000000655
2025-09-05,2025-09-05 14:09:10.566,2025-09-05 14:36:38.047,LONG,24856.0,24835.9,-21.099999999998545,-9494.999999999345,SL,5264.999999992142,59939.99999999214,-54675.0
2025-09-05,2025-09-05 14:42:53.042,2025-09-05 15:12:53.548,LONG,24840.0,24850.0,9.0,4050.0,TIME,9314.999999992142,59939.99999999214,-50625.0
2025-09-05,2025-09-05 15:19:01.317,2025-09-05 15:30:00.584,LONG,24851.4,24849.6,-2.8000000000029104,-1260.0000000013097,EOD,8054.999999990832,59939.99999999214,-51885.00000000131
2025-09-08,2025-09-08 09:15:33.099,2025-09-08 09:19:25.367,LONG,24896.9,24876.0,-21.900000000001455,-9855.000000000655,SL,-1800.0000000098225,59939.99999999214,-61740.000000001965
2025-09-08,2025-09-08 09:24:52.854,2025-09-08 09:34:51.364,LONG,24863.0,24923.1,59.099999999998545,26594.999999999345,TP,24794.999999989523,59939.99999999214,-35145.00000000262
2025-09-08,2025-09-08 09:40:42.595,2025-09-08 10:10:42.876,SHORT,24937.1,24917.9,18.19999999999709,8189.99999999869,TIME,32984.99999998821,59939.99999999214,-26955.00000000393
2025-09-08,2025-09-08 10:16:07.357,2025-09-08 10:17:50.645,SHORT,24891.7,24912.9,-22.200000000000728,-9990.000000000327,SL,22994.999999987886,59939.99999999214,-36945.00000000426
2025-09-08,2025-09-08 10:25:03.390,2025-09-08 10:31:03.144,LONG,24899.5,24877.3,-23.200000000000728,-10440.000000000327,SL,12554.999999987558,59939.99999999214,-47385.000000004584
2025-09-08,2025-09-08 10:37:16.932,2025-09-08 11:07:17.454,LONG,24877.4,24889.0,10.599999999998545,4769.999999999345,TIME,17324.999999986903,59939.99999999214,-42615.00000000524
2025-09-08,2025-09-08 11:15:32.242,2025-09-08 11:45:32.417,LONG,24915.0,24927.0,11.0,4950.0,TIME,22274.999999986903,59939.99999999214,-37665.00000000524
2025-09-08,2025-09-08 11:54:13.926,2025-09-08 12:24:15.289,LONG,24916.0,24936.0,19.0,8550.0,TIME,30824.999999986903,59939.99999999214,-29115.00000000524
2025-09-08,2025-09-08 12:35:56.944,2025-09-08 12:40:52.971,SHORT,24949.0,24969.0,-21.0,-9450.0,SL,21374.999999986903,59939.99999999214,-38565.00000000524
2025-09-08,2025-09-08 12:47:34.724,2025-09-08 13:17:34.728,LONG,24968.0,24965.0,-4.0,-1800.0,TIME,19574.999999986903,59939.99999999214,-40365.00000000524
2025-09-08,2025-09-08 13:23:35.489,2025-09-08 13:48:11.501,LONG,24955.0,24933.6,-22.400000000001455,-10080.000000000655,SL,9494.999999986248,59939.99999999214,-50445.00000000589
2025-09-08,2025-09-08 13:57:32.301,2025-09-08 14:06:52.521,LONG,24950.0,24929.0,-22.0,-9900.0,SL,-405.00000001375156,59939.99999999214,-60345.00000000589
2025-09-08,2025-09-08 14:16:32.199,2025-09-08 14:46:33.103,LONG,24955.0,24951.3,-4.700000000000728,-2115.0000000003274,TIME,-2520.000000014079,59939.99999999214,-62460.00000000622
2025-09-08,2025-09-08 14:51:58.812,2025-09-08 14:53:10.842,LONG,24920.0,24900.0,-21.0,-9450.0,SL,-11970.000000014079,59939.99999999214,-71910.00000000623
2025-09-08,2025-09-08 14:58:52.555,2025-09-08 15:01:32.756,LONG,24905.0,24884.0,-22.0,-9900.0,SL,-21870.00000001408,59939.99999999214,-81810.00000000623
2025-09-08,2025-09-08 15:09:38.320,2025-09-08 15:24:54.331,SHORT,24885.6,24908.0,-23.400000000001455,-10530.000000000655,SL,-32400.000000014734,59939.99999999214,-92340.00000000687
2025-09-09,2025-09-09 09:24:45.654,2025-09-09 09:54:45.892,LONG,24950.0,24954.0,3.0,1350.0,TIME,-31050.000000014734,59939.99999999214,-90990.00000000687
2025-09-09,2025-09-09 10:00:17.383,2025-09-09 10:15:48.464,LONG,24942.0,24921.4,-21.599999999998545,-9719.999999999345,SL,-40770.00000001408,59939.99999999214,-100710.00000000623
2025-09-09,2025-09-09 10:21:55.959,2025-09-09 10:51:56.961,SHORT,24915.2,24927.0,-12.799999999999272,-5759.999999999673,TIME,-46530.00000001375,59939.99999999214,-106470.0000000059
2025-09-09,2025-09-09 11:07:32.909,2025-09-09 11:37:33.725,LONG,24943.8,24941.0,-3.7999999999992724,-1709.9999999996726,TIME,-48240.000000013424,59939.99999999214,-108180.00000000556
2025-09-09,2025-09-09 11:46:42.899,2025-09-09 12:06:57.548,LONG,24943.0,24923.0,-21.0,-9450.0,SL,-57690.000000013424,59939.99999999214,-117630.00000000556
2025-09-09,2025-09-09 12:13:00.985,2025-09-09 12:43:01.035,LONG,24930.0,24942.5,11.5,5175.0,TIME,-52515.000000013424,59939.99999999214,-112455.00000000556
2025-09-09,2025-09-09 12:48:34.031,2025-09-09 13:18:35.288,SHORT,24958.5,24946.9,10.599999999998545,4769.999999999345,TIME,-47745.00000001408,59939.99999999214,-107685.00000000623
2025-09-09,2025-09-09 13:28:07.134,2025-09-09 13:58:07.833,SHORT,24949.1,24947.5,0.5999999999985448,269.99999999934516,TIME,-47475.000000014734,59939.99999999214,-107415.00000000687
2025-09-09,2025-09-09 14:04:40.288,2025-09-09 14:34:40.527,LONG,24953.0,24959.6,5.599999999998545,2519.999999999345,TIME,-44955.00000001539,59939.99999999214,-104895.00000000754
2025-09-09,2025-09-09 14:41:52.563,2025-09-09 15:11:52.845,LONG,24943.0,24949.0,5.0,2250.0,TIME,-42705.00000001539,59939.99999999214,-102645.00000000754
2025-09-10,2025-09-10 09:15:26.479,2025-09-10 09:23:28.021,SHORT,25030.1,25052.0,-22.900000000001455,-10305.000000000655,SL,-53010.00000001604,59939.99999999214,-112950.00000000818
2025-09-10,2025-09-10 09:28:57.006,2025-09-10 09:58:57.181,LONG,25058.5,25091.7,32.20000000000073,14490.000000000327,TIME,-38520.000000015716,59939.99999999214,-98460.00000000786
2025-09-10,2025-09-10 10:04:33.249,2025-09-10 10:34:33.452,LONG,25090.0,25108.1,17.099999999998545,7694.999999999345,TIME,-30825.00000001637,59939.99999999214,-90765.00000000851
2025-09-10,2025-09-10 10:40:04.899,2025-09-10 11:10:04.927,LONG,25099.8,25112.5,11.700000000000728,5265.000000000327,TIME,-25560.000000016043,59939.99999999214,-85500.00000000818
2025-09-10,2025-09-10 11:15:55.151,2025-09-10 11:20:11.510,LONG,25098.1,25076.5,-22.599999999998545,-10169.999999999345,SL,-35730.00000001539,59939.99999999214,-95670.00000000754
2025-09-10,2025-09-10 11:25:52.927,2025-09-10 11:55:52.927,LONG,25088.0,25078.1,-10.900000000001455,-4905.000000000655,TIME,-40635.00000001604,59939.99999999214,-100575.00000000818
2025-09-10,2025-09-10 12:01:31.726,2025-09-10 12:31:32.231,LONG,25074.6,25090.0,14.400000000001455,6480.000000000655,TIME,-34155.00000001539,59939.99999999214,-94095.00000000754
2025-09-10,2025-09-10 12:41:09.018,2025-09-10 13:11:10.333,LONG,25075.5,25072.6,-3.900000000001455,-1755.0000000006548,TIME,-35910.00000001604,59939.99999999214,-95850.00000000818
2025-09-10,2025-09-10 13:16:43.046,2025-09-10 13:46:44.052,SHORT,25050.2,25060.6,-11.399999999997817,-5129.999999999018,TIME,-41040.00000001506,59939.99999999214,-100980.0000000072
2025-09-10,2025-09-10 13:52:16.757,2025-09-10 14:07:00.605,SHORT,25055.2,25077.0,-22.799999999999272,-10259.999999999673,SL,-51300.000000014734,59939.99999999214,-111240.00000000687
2025-09-10,2025-09-10 14:13:21.841,2025-09-10 14:19:10.548,LONG,25071.0,25051.0,-21.0,-9450.0,SL,-60750.000000014734,59939.99999999214,-120690.00000000687
2025-09-10,2025-09-10 14:25:20.279,2025-09-10 14:55:20.540,LONG,25053.0,25061.0,7.0,3150.0,TIME,-57600.000000014734,59939.99999999214,-117540.00000000687
2025-09-11,2025-09-11 09:15:47.095,2025-09-11 09:45:47.311,LONG,25064.0,25077.4,12.400000000001455,5580.000000000655,TIME,-52020.00000001408,59939.99999999214,-111960.00000000623
2025-09-11,2025-09-11 09:51:41.080,2025-09-11 10:08:53.118,LONG,25076.0,25056.0,-21.0,-9450.0,SL,-61470.00000001408,59939.99999999214,-121410.00000000623
2025-09-11,2025-09-11 10:15:37.694,2025-09-11 10:45:38.338,LONG,25062.5,25070.0,6.5,2925.0,TIME,-58545.00000001408,59939.99999999214,-118485.00000000623
2025-09-11,2025-09-11 10:54:59.376,2025-09-11 11:24:59.395,LONG,25078.5,25085.6,6.099999999998545,2744.999999999345,TIME,-55800.000000014734,59939.99999999214,-115740.00000000687
2025-09-11,2025-09-11 11:35:47.244,2025-09-11 12:05:47.411,LONG,25073.0,25076.0,2.0,900.0,TIME,-54900.000000014734,59939.99999999214,-114840.00000000687
2025-09-11,2025-09-11 12:19:43.461,2025-09-11 12:33:03.961,SHORT,25091.3,25111.5,-21.200000000000728,-9540.000000000327,SL,-64440.00000001506,59939.99999999214,-124380.0000000072
2025-09-11,2025-09-11 12:39:51.905,2025-09-11 13:09:52.616,LONG,25097.0,25104.0,6.0,2700.0,TIME,-61740.00000001506,59939.99999999214,-121680.0000000072
2025-09-11,2025-09-11 13:20:11.660,2025-09-11 13:50:12.516,LONG,25093.0,25114.0,20.0,9000.0,TIME,-52740.00000001506,59939.99999999214,-112680.0000000072
2025-09-11,2025-09-11 14:01:11.771,2025-09-11 14:31:13.235,LONG,25102.0,25114.8,11.799999999999272,5309.999999999673,TIME,-47430.00000001539,59939.99999999214,-107370.00000000754
2025-09-11,2025-09-11 14:37:20.892,2025-09-11 15:07:21.343,LONG,25098.0,25101.1,2.099999999998545,944.9999999993452,TIME,-46485.00000001604,59939.99999999214,-106425.00000000818
2025-09-12,2025-09-12 09:15:27.744,2025-09-12 09:45:27.975,SHORT,25152.7,25140.5,11.200000000000728,5040.000000000327,TIME,-41445.000000015716,59939.99999999214,-101385.00000000786
2025-09-12,2025-09-12 09:51:03.980,2025-09-12 10:21:04.740,LONG,25150.0,25168.0,17.0,7650.0,TIME,-33795.000000015716,59939.99999999214,-93735.00000000786
2025-09-12,2025-09-12 10:29:36.497,2025-09-12 10:59:36.753,LONG,25165.8,25173.3,6.5,2925.0,TIME,-30870.000000015716,59939.99999999214,-90810.00000000786
2025-09-12,2025-09-12 11:05:36.514,2025-09-12 11:35:36.535,LONG,25183.3,25210.0,25.700000000000728,11565.000000000327,TIME,-19305.00000001539,59939.99999999214,-79245.00000000754
2025-09-12,2025-09-12 11:42:21.570,2025-09-12 12:12:22.066,LONG,25210.0,25212.0,1.0,450.0,TIME,-18855.00000001539,59939.99999999214,-78795.00000000754
2025-09-12,2025-09-12 12:18:07.320,2025-09-12 12:48:07.609,LONG,25210.9,25201.6,-10.30000000000291,-4635.00000000131,TIME,-23490.0000000167,59939.99999999214,-83430.00000000885
2025-09-12,2025-09-12 12:54:54.115,2025-09-12 13:24:56.892,LONG,25195.4,25213.7,17.299999999999272,7784.999999999673,TIME,-15705.000000017026,59939.99999999214,-75645.00000000917
2025-09-12,2025-09-12 13:30:49.889,2025-09-12 13:50:31.146,LONG,25212.8,25192.8,-21.0,-9450.0,SL,-25155.000000017026,59939.99999999214,-85095.00000000917
2025-09-12,2025-09-12 13:58:27.407,2025-09-12 14:28:27.434,LONG,25215.0,25212.7,-3.2999999999992724,-1484.9999999996726,TIME,-26640.0000000167,59939.99999999214,-86580.00000000885
2025-09-12,2025-09-12 14:34:52.890,2025-09-12 15:04:53.670,LONG,25206.0,25199.0,-8.0,-3600.0,TIME,-30240.0000000167,59939.99999999214,-90180.00000000885
2025-09-12,2025-09-12 15:10:40.938,2025-09-12 15:30:00.489,LONG,25203.0,25209.7,5.700000000000728,2565.0000000003274,EOD,-27675.00000001637,59939.99999999214,-87615.00000000851
2025-09-18,2025-09-18 09:15:41.321,2025-09-18 09:25:35.364,SHORT,25490.0,25510.0,-21.0,-9450.0,SL,-37125.00000001637,59939.99999999214,-97065.00000000851
2025-09-18,2025-09-18 09:31:57.176,2025-09-18 10:01:57.959,LONG,25505.0,25495.2,-10.799999999999272,-4859.999999999673,TIME,-41985.00000001604,59939.99999999214,-101925.00000000818
2025-09-18,2025-09-18 10:08:23.672,2025-09-18 10:38:26.965,LONG,25505.0,25500.3,-5.700000000000728,-2565.0000000003274,TIME,-44550.00000001637,59939.99999999214,-104490.00000000851
2025-09-18,2025-09-18 10:43:46.461,2025-09-18 11:13:46.597,LONG,25513.1,25516.4,2.3000000000029104,1035.0000000013097,TIME,-43515.00000001506,59939.99999999214,-103455.0000000072
2025-09-18,2025-09-18 11:20:30.114,2025-09-18 11:50:30.495,LONG,25515.0,25501.9,-14.099999999998545,-6344.999999999345,TIME,-49860.00000001441,59939.99999999214,-109800.00000000655
2025-09-18,2025-09-18 11:56:26.957,2025-09-18 12:26:27.157,LONG,25500.0,25507.1,6.099999999998545,2744.999999999345,TIME,-47115.00000001506,59939.99999999214,-107055.0000000072
2025-09-18,2025-09-18 12:32:18.726,2025-09-18 12:37:40.753,LONG,25500.0,25480.0,-21.0,-9450.0,SL,-56565.00000001506,59939.99999999214,-116505.0000000072
2025-09-18,2025-09-18 12:43:29.560,2025-09-18 13:01:44.993,LONG,25470.0,25450.0,-21.0,-9450.0,SL,-66015.00000001506,59939.99999999214,-125955.0000000072
2025-09-18,2025-09-18 13:11:49.681,2025-09-18 13:41:50.095,SHORT,25455.4,25467.0,-12.599999999998545,-5669.999999999345,TIME,-71685.0000000144,59939.99999999214,-131625.00000000655
2025-09-18,2025-09-18 13:47:23.770,2025-09-18 14:06:44.469,LONG,25473.0,25453.0,-21.0,-9450.0,SL,-81135.0000000144,59939.99999999214,-141075.00000000655
2025-09-18,2025-09-18 14:12:57.242,2025-09-18 14:42:57.257,LONG,25461.9,25446.7,-16.200000000000728,-7290.000000000327,TIME,-88425.00000001473,59939.99999999214,-148365.00000000687
2025-09-18,2025-09-18 14:51:40.810,2025-09-18 15:21:44.444,LONG,25470.3,25512.1,40.79999999999927,18359.999999999673,TIME,-70065.00000001505,59939.99999999214,-130005.00000000719
2025-09-22,2025-09-22 09:15:54.694,2025-09-22 09:24:46.202,SHORT,25328.9,25349.9,-22.0,-9900.0,SL,-79965.00000001505,59939.99999999214,-139905.0000000072
2025-09-22,2025-09-22 09:33:01.723,2025-09-22 10:03:02.506,LONG,25365.0,25376.1,10.099999999998545,4544.999999999345,TIME,-75420.0000000157,59939.99999999214,-135360.00000000786
2025-09-22,2025-09-22 10:11:41.738,2025-09-22 10:22:05.753,LONG,25387.5,25366.2,-22.299999999999272,-10034.999999999673,SL,-85455.00000001537,59939.99999999214,-145395.0000000075
2025-09-22,2025-09-22 10:30:05.261,2025-09-22 11:00:06.255,LONG,25385.0,25379.0,-7.0,-3150.0,TIME,-88605.00000001537,59939.99999999214,-148545.0000000075
2025-09-22,2025-09-22 11:09:39.519,2025-09-22 11:21:50.758,LONG,25375.0,25350.0,-26.0,-11700.0,SL,-100305.00000001537,59939.99999999214,-160245.0000000075
2025-09-22,2025-09-22 11:32:59.569,2025-09-22 12:02:59.772,LONG,25347.0,25359.8,11.799999999999272,5309.999999999673,TIME,-94995.00000001569,59939.99999999214,-154935.00000000783
2025-09-22,2025-09-22 12:09:09.576,2025-09-22 12:39:11.109,LONG,25357.1,25359.6,1.5,675.0,TIME,-94320.00000001569,59939.99999999214,-154260.00000000783
2025-09-22,2025-09-22 12:45:28.341,2025-09-22 13:15:28.606,LONG,25375.0,25373.5,-2.5,-1125.0,TIME,-95445.00000001569,59939.99999999214,-155385.00000000783
2025-09-22,2025-09-22 13:23:49.932,2025-09-22 13:53:50.617,LONG,25355.0,25357.0,1.0,450.0,TIME,-94995.00000001569,59939.99999999214,-154935.00000000783
2025-09-22,2025-09-22 14:01:06.599,2025-09-22 14:07:58.399,SHORT,25339.1,25360.0,-21.900000000001455,-9855.000000000655,SL,-104850.00000001634,59939.99999999214,-164790.0000000085
2025-09-22,2025-09-22 14:14:29.107,2025-09-22 14:40:25.924,SHORT,25351.3,25290.7,59.599999999998545,26819.999999999345,TP,-78030.000000017,59939.99999999214,-137970.00000000914
2025-09-22,2025-09-22 14:47:43.189,2025-09-22 15:17:44.185,LONG,25255.7,25265.1,8.399999999997817,3779.9999999990177,TIME,-74250.00000001799,59939.99999999214,-134190.00000001013
2025-09-23,2025-09-23 09:16:46.334,2025-09-23 09:25:06.825,LONG,25281.7,25261.5,-21.200000000000728,-9540.000000000327,SL,-83790.0000000183,59939.99999999214,-143730.00000001045
2025-09-23,2025-09-23 09:31:39.338,2025-09-23 09:42:04.353,LONG,25230.0,25208.0,-23.0,-10350.0,SL,-94140.0000000183,59939.99999999214,-154080.00000001045
2025-09-23,2025-09-23 09:48:28.605,2025-09-23 10:18:28.636,LONG,25194.6,25203.1,7.5,3375.0,TIME,-90765.0000000183,59939.99999999214,-150705.00000001045
2025-09-23,2025-09-23 10:24:36.855,2025-09-23 10:54:37.847,LONG,25182.0,25193.4,10.400000000001455,4680.000000000655,TIME,-86085.00000001765,59939.99999999214,-146025.00000000978
2025-09-23,2025-09-23 11:03:37.494,2025-09-23 11:12:48.185,LONG,25193.7,25173.6,-21.100000000002183,-9495.000000000982,SL,-95580.00000001863,59939.99999999214,-155520.00000001077
2025-09-23,2025-09-23 11:19:13.270,2025-09-23 11:49:13.525,LONG,25163.0,25182.3,18.299999999999272,8234.999999999673,TIME,-87345.00000001895,59939.99999999214,-147285.0000000111
2025-09-23,2025-09-23 11:56:00.549,2025-09-23 12:26:00.702,LONG,25195.0,25210.2,14.200000000000728,6390.000000000327,TIME,-80955.00000001863,59939.99999999214,-140895.00000001077
2025-09-23,2025-09-23 12:31:37.471,2025-09-23 13:01:37.970,LONG,25229.9,25270.7,39.79999999999927,17909.999999999673,TIME,-63045.000000018954,59939.99999999214,-122985.00000001109
2025-09-23,2025-09-23 13:13:03.350,2025-09-23 13:43:03.557,LONG,25271.0,25295.2,23.200000000000728,10440.000000000327,TIME,-52605.00000001863,59939.99999999214,-112545.00000001077
2025-09-23,2025-09-23 13:51:17.517,2025-09-23 13:57:04.838,LONG,25309.0,25285.0,-25.0,-11250.0,SL,-63855.00000001863,59939.99999999214,-123795.00000001077
2025-09-23,2025-09-23 14:03:28.866,2025-09-23 14:15:04.633,LONG,25297.0,25277.0,-21.0,-9450.0,SL,-73305.00000001863,59939.99999999214,-133245.00000001077
2025-09-23,2025-09-23 14:25:08.045,2025-09-23 14:30:47.050,LONG,25295.0,25275.0,-21.0,-9450.0,SL,-82755.00000001863,59939.99999999214,-142695.00000001077
2025-09-23,2025-09-23 14:37:58.905,2025-09-23 15:02:35.480,LONG,25280.0,25260.0,-21.0,-9450.0,SL,-92205.00000001863,59939.99999999214,-152145.00000001077
2025-09-23,2025-09-23 15:08:05.828,2025-09-23 15:30:01.196,LONG,25255.0,25252.1,-3.900000000001455,-1755.0000000006548,EOD,-93960.00000001928,59939.99999999214,-153900.0000000114
2025-09-25,2025-09-25 09:15:59.628,2025-09-25 09:16:44.621,SHORT,25058.5,25079.0,-21.5,-9675.0,SL,-103635.00000001928,59939.99999999214,-163575.0000000114
2025-09-25,2025-09-25 09:22:40.597,2025-09-25 09:52:40.632,SHORT,25113.1,25096.4,15.69999999999709,7064.99999999869,TIME,-96570.00000002059,59939.99999999214,-156510.00000001275
2025-09-25,2025-09-25 09:58:31.197,2025-09-25 10:03:22.876,LONG,25102.4,25080.4,-23.0,-10350.0,SL,-106920.00000002059,59939.99999999214,-166860.00000001275
2025-09-25,2025-09-25 10:10:27.171,2025-09-25 10:35:54.427,LONG,25083.5,25063.2,-21.299999999999272,-9584.999999999673,SL,-116505.00000002026,59939.99999999214,-176445.0000000124
2025-09-25,2025-09-25 10:42:04.170,2025-09-25 11:12:04.400,LONG,25048.1,25070.0,20.900000000001455,9405.000000000655,TIME,-107100.0000000196,59939.99999999214,-167040.00000001176
2025-09-25,2025-09-25 11:17:53.752,2025-09-25 11:42:01.723,LONG,25070.0,25050.0,-21.0,-9450.0,SL,-116550.0000000196,59939.99999999214,-176490.00000001176
2025-09-25,2025-09-25 11:47:42.215,2025-09-25 12:17:43.241,SHORT,25030.6,25024.0,5.599999999998545,2519.999999999345,TIME,-114030.00000002026,59939.99999999214,-173970.0000000124
2025-09-25,2025-09-25 12:25:36.901,2025-09-25 12:55:37.678,LONG,25021.4,25030.0,7.599999999998545,3419.999999999345,TIME,-110610.00000002091,59939.99999999214,-170550.00000001304
2025-09-25,2025-09-25 13:02:15.840,2025-09-25 13:32:19.357,LONG,25036.6,25034.6,-3.0,-1350.0,TIME,-111960.00000002091,59939.99999999214,-171900.00000001304
2025-09-25,2025-09-25 13:45:32.621,2025-09-25 13:57:20.479,LONG,25051.4,25031.3,-21.100000000002183,-9495.000000000982,SL,-121455.00000002189,59939.99999999214,-181395.00000001403
2025-09-25,2025-09-25 14:03:06.667,2025-09-25 14:11:22.538,LONG,25029.0,25008.6,-21.400000000001455,-9630.000000000655,SL,-131085.00000002253,59939.99999999214,-191025.00000001467
2025-09-25,2025-09-25 14:17:23.904,2025-09-25 14:35:13.211,LONG,25023.5,25003.0,-21.5,-9675.0,SL,-140760.00000002253,59939.99999999214,-200700.00000001467
2025-09-25,2025-09-25 14:40:57.749,2025-09-25 14:51:53.399,LONG,25006.9,24986.9,-21.0,-9450.0,SL,-150210.00000002253,59939.99999999214,-210150.00000001467
2025-09-25,2025-09-25 14:57:43.190,2025-09-25 15:27:43.973,SHORT,24991.9,24972.0,18.900000000001455,8505.000000000655,TIME,-141705.0000000219,59939.99999999214,-201645.00000001403
2025-10-03,2025-10-03 11:41:08.886,2025-10-03 12:11:09.124,LONG,24942.0,24955.3,12.299999999999272,5534.999999999673,TIME,-136170.0000000222,59939.99999999214,-196110.00000001435
2025-10-03,2025-10-03 12:16:52.633,2025-10-03 12:34:01.396,LONG,24943.0,24919.8,-24.200000000000728,-10890.000000000327,SL,-147060.00000002253,59939.99999999214,-207000.00000001467
2025-10-03,2025-10-03 12:40:11.175,2025-10-03 13:10:11.453,LONG,24934.8,24961.8,26.0,11700.0,TIME,-135360.00000002253,59939.99999999214,-195300.00000001467
2025-10-03,2025-10-03 13:34:29.209,2025-10-03 14:04:29.463,LONG,24948.0,24950.0,1.0,450.0,TIME,-134910.00000002253,59939.99999999214,-194850.00000001467
2025-10-03,2025-10-03 14:11:13.246,2025-10-03 14:41:13.477,LONG,24938.3,24984.4,45.10000000000218,20295.000000000982,TIME,-114615.00000002154,59939.99999999214,-174555.00000001368
2025-10-03,2025-10-03 14:46:44.245,2025-10-03 15:16:44.758,LONG,24990.0,25003.5,12.5,5625.0,TIME,-108990.00000002154,59939.99999999214,-168930.00000001368
2025-10-06,2025-10-06 09:17:51.632,2025-10-06 09:29:33.722,LONG,25015.0,24995.0,-21.0,-9450.0,SL,-118440.00000002154,59939.99999999214,-178380.00000001368
2025-10-06,2025-10-06 09:35:05.936,2025-10-06 09:50:13.992,LONG,25000.0,25060.0,59.0,26550.0,TP,-91890.00000002154,59939.99999999214,-151830.00000001368
2025-10-06,2025-10-06 09:57:30.517,2025-10-06 10:27:30.526,LONG,25040.0,25073.0,32.0,14400.0,TIME,-77490.00000002154,59939.99999999214,-137430.00000001368
2025-10-06,2025-10-06 10:33:27.708,2025-10-06 11:03:27.756,SHORT,25079.5,25086.0,-7.5,-3375.0,TIME,-80865.00000002154,59939.99999999214,-140805.00000001368
2025-10-06,2025-10-06 11:09:54.392,2025-10-06 11:39:54.570,LONG,25082.1,25105.0,21.900000000001455,9855.000000000655,TIME,-71010.00000002088,59939.99999999214,-130950.00000001302
2025-10-06,2025-10-06 11:46:37.378,2025-10-06 12:16:38.133,LONG,25102.2,25118.0,14.799999999999272,6659.999999999673,TIME,-64350.00000002121,59939.99999999214,-124290.00000001336
2025-10-06,2025-10-06 12:24:32.845,2025-10-06 12:54:32.976,LONG,25117.0,25123.2,5.200000000000728,2340.0000000003274,TIME,-62010.00000002088,59939.99999999214,-121950.00000001302
2025-10-06,2025-10-06 13:00:00.189,2025-10-06 13:09:16.350,SHORT,25135.3,25157.0,-22.700000000000728,-10215.000000000327,SL,-72225.00000002122,59939.99999999214,-132165.00000001336
2025-10-06,2025-10-06 13:15:08.658,2025-10-06 13:45:09.115,LONG,25156.1,25183.3,26.200000000000728,11790.000000000327,TIME,-60435.00000002089,59939.99999999214,-120375.00000001304
2025-10-06,2025-10-06 13:50:57.652,2025-10-06 14:20:58.222,LONG,25165.0,25165.0,-1.0,-450.0,TIME,-60885.00000002089,59939.99999999214,-120825.00000001304
2025-10-06,2025-10-06 14:30:00.960,2025-10-06 15:00:01.347,LONG,25160.0,25184.0,23.0,10350.0,TIME,-50535.00000002089,59939.99999999214,-110475.00000001304
2025-10-07,2025-10-07 09:15:33.292,2025-10-07 09:37:45.116,SHORT,25204.0,25224.4,-21.400000000001455,-9630.000000000655,SL,-60165.000000021544,59939.99999999214,-120105.00000001368
2025-10-07,2025-10-07 09:43:20.507,2025-10-07 10:02:35.818,LONG,25234.0,25294.0,59.0,26550.0,TP,-33615.000000021544,59939.99999999214,-93555.00000001368
2025-10-07,2025-10-07 10:08:31.234,2025-10-07 10:28:20.572,LONG,25288.0,25266.1,-22.900000000001455,-10305.000000000655,SL,-43920.0000000222,59939.99999999214,-103860.00000001435
2025-10-07,2025-10-07 10:36:52.546,2025-10-07 11:03:19.474,LONG,25264.9,25244.0,-21.900000000001455,-9855.000000000655,SL,-53775.000000022854,59939.99999999214,-113715.00000001499
2025-10-07,2025-10-07 11:11:42.513,2025-10-07 11:21:07.425,LONG,25250.0,25227.0,-24.0,-10800.0,SL,-64575.000000022854,59939.99999999214,-124515.00000001499
2025-10-07,2025-10-07 11:26:33.514,2025-10-07 11:36:01.594,LONG,25220.0,25198.9,-22.099999999998545,-9944.999999999345,SL,-74520.0000000222,59939.99999999214,-134460.00000001435
2025-10-07,2025-10-07 11:42:01.594,2025-10-07 12:11:16.076,LONG,25210.0,25270.0,59.0,26550.0,TP,-47970.000000022206,59939.99999999214,-107910.00000001435
2025-10-07,2025-10-07 12:18:32.012,2025-10-07 12:48:32.366,LONG,25244.0,25260.0,15.0,6750.0,TIME,-41220.000000022206,59939.99999999214,-101160.00000001435
2025-10-07,2025-10-07 12:55:08.301,2025-10-07 13:25:08.364,LONG,25273.3,25288.0,13.700000000000728,6165.000000000327,TIME,-35055.00000002188,59939.99999999214,-94995.00000001403
2025-10-07,2025-10-07 13:30:47.053,2025-10-07 13:33:11.808,LONG,25292.0,25271.1,-21.900000000001455,-9855.000000000655,SL,-44910.000000022534,59939.99999999214,-104850.00000001467
2025-10-07,2025-10-07 13:39:12.384,2025-10-07 14:09:12.595,LONG,25285.0,25302.0,16.0,7200.0,TIME,-37710.000000022534,59939.99999999214,-97650.00000001467
2025-10-07,2025-10-07 14:15:26.831,2025-10-07 14:20:32.621,LONG,25305.0,25285.0,-21.0,-9450.0,SL,-47160.000000022534,59939.99999999214,-107100.00000001467
2025-10-07,2025-10-07 14:26:40.168,2025-10-07 14:29:02.654,LONG,25282.0,25262.0,-21.0,-9450.0,SL,-56610.000000022534,59939.99999999214,-116550.00000001467
2025-10-07,2025-10-07 14:36:36.672,2025-10-07 15:06:37.610,LONG,25235.0,25228.0,-8.0,-3600.0,TIME,-60210.000000022534,59939.99999999214,-120150.00000001467
2025-10-08,2025-10-08 09:16:09.631,2025-10-08 09:23:24.309,LONG,25200.0,25260.1,59.099999999998545,26594.999999999345,TP,-33615.00000002319,59939.99999999214,-93555.00000001534
2025-10-08,2025-10-08 09:29:06.282,2025-10-08 09:48:20.787,LONG,25275.6,25253.0,-23.599999999998545,-10619.999999999345,SL,-44235.000000022534,59939.99999999214,-104175.00000001467
2025-10-08,2025-10-08 09:54:33.738,2025-10-08 10:24:34.283,SHORT,25250.0,25214.0,35.0,15750.0,TIME,-28485.000000022534,59939.99999999214,-88425.00000001467
2025-10-08,2025-10-08 10:31:20.435,2025-10-08 10:39:52.768,SHORT,25206.9,25227.2,-21.299999999999272,-9584.999999999673,SL,-38070.000000022206,59939.99999999214,-98010.00000001435
2025-10-08,2025-10-08 10:46:37.480,2025-10-08 10:57:51.830,LONG,25203.0,25179.8,-24.200000000000728,-10890.000000000327,SL,-48960.000000022534,59939.99999999214,-108900.00000001467
2025-10-08,2025-10-08 11:03:38.521,2025-10-08 11:07:22.539,LONG,25155.0,25135.0,-21.0,-9450.0,SL,-58410.000000022534,59939.99999999214,-118350.00000001467
2025-10-08,2025-10-08 11:12:57.614,2025-10-08 11:15:39.340,LONG,25140.0,25120.0,-21.0,-9450.0,SL,-67860.00000002253,59939.99999999214,-127800.00000001467
2025-10-08,2025-10-08 11:21:33.070,2025-10-08 11:51:33.284,LONG,25107.0,25134.1,26.099999999998545,11744.999999999345,TIME,-56115.00000002318,59939.99999999214,-116055.00000001532
2025-10-08,2025-10-08 12:00:36.075,2025-10-08 12:05:08.765,LONG,25138.0,25116.0,-23.0,-10350.0,SL,-66465.00000002318,59939.99999999214,-126405.00000001532
2025-10-08,2025-10-08 12:11:02.816,2025-10-08 12:24:03.640,LONG,25126.0,25105.4,-21.599999999998545,-9719.999999999345,SL,-76185.00000002253,59939.99999999214,-136125.00000001467
2025-10-08,2025-10-08 12:30:05.049,2025-10-08 12:54:59.577,LONG,25107.0,25167.9,59.900000000001455,26955.000000000655,TP,-49230.00000002187,59939.99999999214,-109170.00000001401
2025-10-08,2025-10-08 13:00:25.295,2025-10-08 13:06:42.433,LONG,25176.0,25155.5,-21.5,-9675.0,SL,-58905.00000002187,59939.99999999214,-118845.00000001401
2025-10-08,2025-10-08 13:12:16.880,2025-10-08 13:42:19.527,LONG,25185.0,25215.0,29.0,13050.0,TIME,-45855.00000002187,59939.99999999214,-105795.00000001401
2025-10-08,2025-10-08 13:48:32.653,2025-10-08 14:06:55.527,LONG,25215.0,25192.1,-23.900000000001455,-10755.000000000655,SL,-56610.00000002253,59939.99999999214,-116550.00000001467
2025-10-08,2025-10-08 14:12:26.395,2025-10-08 14:23:28.345,LONG,25165.0,25145.0,-21.0,-9450.0,SL,-66060.00000002253,59939.99999999214,-126000.00000001467
2025-10-08,2025-10-08 14:30:41.125,2025-10-08 14:50:59.455,LONG,25145.0,25125.0,-21.0,-9450.0,SL,-75510.00000002253,59939.99999999214,-135450.00000001467
2025-10-08,2025-10-08 14:56:54.652,2025-10-08 15:10:57.120,LONG,25130.3,25108.7,-22.599999999998545,-10169.999999999345,SL,-85680.00000002187,59939.99999999214,-145620.00000001403
2025-10-09,2025-10-09 09:15:35.823,2025-10-09 09:16:29.848,LONG,25154.9,25132.2,-23.700000000000728,-10665.000000000327,SL,-96345.0000000222,59939.99999999214,-156285.00000001435
2025-10-09,2025-10-09 09:21:58.239,2025-10-09 09:43:58.467,LONG,25182.0,25161.6,-21.400000000001455,-9630.000000000655,SL,-105975.00000002286,59939.99999999214,-165915.00000001502
2025-10-09,2025-10-09 09:50:32.670,2025-10-09 10:11:29.274,LONG,25150.0,25130.0,-21.0,-9450.0,SL,-115425.00000002286,59939.99999999214,-175365.00000001502
2025-10-09,2025-10-09 10:17:34.333,2025-10-09 10:36:07.289,LONG,25135.0,25195.2,59.20000000000073,26640.000000000327,TP,-88785.00000002253,59939.99999999214,-148725.00000001467
2025-10-09,2025-10-09 10:42:31.433,2025-10-09 11:08:53.331,LONG,25195.0,25258.0,62.0,27900.0,TP,-60885.00000002253,59939.99999999214,-120825.00000001467
2025-10-09,2025-10-09 11:14:54.807,2025-10-09 11:19:43.830,LONG,25267.9,25246.6,-22.30000000000291,-10035.00000000131,SL,-70920.00000002384,59939.99999999214,-130860.00000001598
2025-10-09,2025-10-09 11:29:01.609,2025-10-09 11:59:02.321,LONG,25255.9,25259.9,3.0,1350.0,TIME,-69570.00000002384,59939.99999999214,-129510.00000001598
2025-10-09,2025-10-09 12:05:35.725,2025-10-09 12:35:35.852,LONG,25252.5,25260.6,7.099999999998545,3194.999999999345,TIME,-66375.00000002449,59939.99999999214,-126315.00000001663
2025-10-09,2025-10-09 12:41:37.619,2025-10-09 13:11:37.640,LONG,25238.0,25250.0,11.0,4950.0,TIME,-61425.00000002449,59939.99999999214,-121365.00000001663
2025-10-09,2025-10-09 13:18:25.615,2025-10-09 13:48:26.210,LONG,25254.9,25268.2,12.299999999999272,5534.999999999673,TIME,-55890.00000002482,59939.99999999214,-115830.00000001697
2025-10-09,2025-10-09 13:55:28.912,2025-10-09 14:13:27.911,LONG,25279.7,25253.6,-27.100000000002183,-12195.000000000982,SL,-68085.0000000258,59939.99999999214,-128025.00000001794
2025-10-09,2025-10-09 14:18:58.911,2025-10-09 14:20:10.910,LONG,25250.0,25225.3,-25.700000000000728,-11565.000000000327,SL,-79650.00000002614,59939.99999999214,-139590.00000001828
2025-10-09,2025-10-09 14:25:52.445,2025-10-09 14:55:53.330,LONG,25230.0,25260.4,29.400000000001455,13230.000000000655,TIME,-66420.00000002548,59939.99999999214,-126360.00000001762
2025-10-10,2025-10-10 09:15:27.155,2025-10-10 09:22:01.145,LONG,25273.6,25334.0,59.400000000001455,26730.000000000655,TP,-39690.000000024826,59939.99999999214,-99630.00000001697
2025-10-10,2025-10-10 09:27:27.925,2025-10-10 09:57:28.475,LONG,25335.1,25375.5,39.400000000001455,17730.000000000655,TIME,-21960.00000002417,59939.99999999214,-81900.00000001631
2025-10-10,2025-10-10 10:03:36.453,2025-10-10 10:11:37.740,LONG,25384.5,25364.0,-21.5,-9675.0,SL,-31635.00000002417,59939.99999999214,-91575.00000001631
2025-10-10,2025-10-10 10:17:22.265,2025-10-10 10:47:23.226,LONG,25389.0,25387.0,-3.0,-1350.0,TIME,-32985.00000002417,59939.99999999214,-92925.00000001631
2025-10-10,2025-10-10 10:53:57.751,2025-10-10 11:04:11.023,SHORT,25406.1,25430.0,-24.900000000001455,-11205.000000000655,SL,-44190.000000024826,59939.99999999214,-104130.00000001697
2025-10-10,2025-10-10 11:10:37.997,2025-10-10 11:40:38.013,LONG,25414.7,25416.0,0.2999999999992724,134.99999999967258,TIME,-44055.00000002515,59939.99999999214,-103995.00000001729
2025-10-10,2025-10-10 11:51:10.770,2025-10-10 12:06:36.005,LONG,25425.0,25405.0,-21.0,-9450.0,SL,-53505.00000002515,59939.99999999214,-113445.00000001729
2025-10-10,2025-10-10 12:12:38.783,2025-10-10 12:42:38.813,LONG,25410.0,25424.5,13.5,6075.0,TIME,-47430.00000002515,59939.99999999214,-107370.00000001729
2025-10-10,2025-10-10 12:48:23.925,2025-10-10 13:18:24.085,LONG,25438.3,25443.5,4.200000000000728,1890.0000000003274,TIME,-45540.000000024826,59939.99999999214,-105480.00000001697
2025-10-10,2025-10-10 13:25:03.402,2025-10-10 13:28:49.623,LONG,25443.6,25423.3,-21.299999999999272,-9584.999999999673,SL,-55125.0000000245,59939.99999999214,-115065.00000001665
2025-10-10,2025-10-10 13:34:28.373,2025-10-10 14:04:28.631,SHORT,25449.1,25440.0,8.099999999998545,3644.999999999345,TIME,-51480.00000002515,59939.99999999214,-111420.00000001729
2025-10-10,2025-10-10 14:10:02.885,2025-10-10 14:19:51.616,LONG,25435.0,25415.0,-21.0,-9450.0,SL,-60930.00000002515,59939.99999999214,-120870.00000001729
2025-10-10,2025-10-10 14:26:43.134,2025-10-10 14:46:03.000,LONG,25439.9,25419.6,-21.30000000000291,-9585.00000000131,SL,-70515.00000002646,59939.99999999214,-130455.0000000186
2025-10-10,2025-10-10 14:53:44.681,2025-10-10 15:04:08.673,LONG,25425.0,25405.0,-21.0,-9450.0,SL,-79965.00000002646,59939.99999999214,-139905.0000000186
2025-10-13,2025-10-13 09:15:35.705,2025-10-13 09:31:19.940,SHORT,25326.9,25265.4,60.5,27225.0,TP,-52740.000000026455,59939.99999999214,-112680.0000000186
2025-10-13,2025-10-13 09:37:43.613,2025-10-13 10:07:45.235,LONG,25256.2,25270.2,13.0,5850.0,TIME,-46890.000000026455,59939.99999999214,-106830.0000000186
2025-10-13,2025-10-13 10:15:09.987,2025-10-13 10:20:03.800,LONG,25285.0,25264.7,-21.299999999999272,-9584.999999999673,SL,-56475.00000002613,59939.99999999214,-116415.00000001828
2025-10-13,2025-10-13 10:28:47.256,2025-10-13 10:58:48.047,LONG,25280.0,25266.6,-14.400000000001455,-6480.000000000655,TIME,-62955.00000002678,59939.99999999214,-122895.00000001892
2025-10-13,2025-10-13 11:05:04.127,2025-10-13 11:23:05.769,LONG,25270.0,25245.0,-26.0,-11700.0,SL,-74655.00000002678,59939.99999999214,-134595.00000001892
2025-10-13,2025-10-13 11:30:05.143,2025-10-13 11:54:47.330,SHORT,25250.6,25270.6,-21.0,-9450.0,SL,-84105.00000002678,59939.99999999214,-144045.00000001892
2025-10-13,2025-10-13 12:00:38.424,2025-10-13 12:22:57.821,LONG,25275.0,25255.0,-21.0,-9450.0,SL,-93555.00000002678,59939.99999999214,-153495.00000001892
2025-10-13,2025-10-13 12:29:34.096,2025-10-13 12:59:34.330,LONG,25270.0,25285.0,14.0,6300.0,TIME,-87255.00000002678,59939.99999999214,-147195.00000001892
2025-10-13,2025-10-13 13:05:05.341,2025-10-13 13:35:05.410,LONG,25266.0,25283.9,16.900000000001455,7605.000000000655,TIME,-79650.00000002612,59939.99999999214,-139590.00000001828
2025-10-13,2025-10-13 13:40:42.661,2025-10-13 14:08:13.876,SHORT,25277.1,25297.2,-21.100000000002183,-9495.000000000982,SL,-89145.0000000271,59939.99999999214,-149085.00000001924
2025-10-13,2025-10-13 14:14:08.159,2025-10-13 14:44:08.209,LONG,25294.0,25317.0,22.0,9900.0,TIME,-79245.0000000271,59939.99999999214,-139185.00000001924
2025-10-13,2025-10-13 14:50:15.191,2025-10-13 15:03:48.708,LONG,25316.0,25295.0,-22.0,-9900.0,SL,-89145.0000000271,59939.99999999214,-149085.00000001924
2025-10-14,2025-10-14 09:15:35.479,2025-10-14 09:23:10.232,SHORT,25345.1,25366.0,-21.900000000001455,-9855.000000000655,SL,-99000.00000002775,59939.99999999214,-158940.0000000199
2025-10-14,2025-10-14 09:28:46.519,2025-10-14 09:38:17.716,LONG,25365.7,25345.1,-21.600000000002183,-9720.000000000982,SL,-108720.00000002873,59939.99999999214,-168660.00000002087
2025-10-14,2025-10-14 09:45:38.311,2025-10-14 10:02:04.626,LONG,25307.8,25286.4,-22.399999999997817,-10079.999999999018,SL,-118800.00000002774,59939.99999999214,-178740.00000001988
2025-10-14,2025-10-14 10:07:47.315,2025-10-14 10:21:24.050,LONG,25268.9,25242.6,-27.30000000000291,-12285.00000000131,SL,-131085.00000002905,59939.99999999214,-191025.0000000212
2025-10-14,2025-10-14 10:27:13.573,2025-10-14 10:57:13.900,LONG,25279.0,25286.0,6.0,2700.0,TIME,-128385.00000002905,59939.99999999214,-188325.0000000212
2025-10-14,2025-10-14 11:03:35.024,2025-10-14 11:09:34.624,LONG,25265.0,25243.0,-23.0,-10350.0,SL,-138735.00000002905,59939.99999999214,-198675.0000000212
2025-10-14,2025-10-14 11:16:22.313,2025-10-14 11:18:33.843,LONG,25231.2,25210.4,-21.799999999999272,-9809.999999999673,SL,-148545.00000002873,59939.99999999214,-208485.00000002087
2025-10-14,2025-10-14 11:23:59.844,2025-10-14 11:25:12.168,LONG,25210.0,25184.1,-26.900000000001455,-12105.000000000655,SL,-160650.0000000294,59939.99999999214,-220590.00000002154
2025-10-14,2025-10-14 11:30:45.315,2025-10-14 11:40:21.315,SHORT,25197.3,25220.0,-23.700000000000728,-10665.000000000327,SL,-171315.00000002972,59939.99999999214,-231255.00000002186
2025-10-14,2025-10-14 11:50:47.280,2025-10-14 12:20:47.543,SHORT,25211.0,25186.1,23.900000000001455,10755.000000000655,TIME,-160560.00000002905,59939.99999999214,-220500.0000000212
2025-10-14,2025-10-14 12:29:16.594,2025-10-14 12:39:58.856,LONG,25155.9,25135.0,-21.900000000001455,-9855.000000000655,SL,-170415.0000000297,59939.99999999214,-230355.00000002183
2025-10-14,2025-10-14 12:45:54.064,2025-10-14 13:15:55.122,LONG,25138.0,25145.1,6.099999999998545,2744.999999999345,TIME,-167670.00000003033,59939.99999999214,-227610.00000002247
2025-10-14,2025-10-14 13:21:35.635,2025-10-14 13:51:36.143,LONG,25135.0,25182.4,46.400000000001455,20880.000000000655,TIME,-146790.0000000297,59939.99999999214,-206730.00000002183
2025-10-14,2025-10-14 14:00:10.128,2025-10-14 14:30:10.416,LONG,25178.0,25208.7,29.700000000000728,13365.000000000327,TIME,-133425.00000002937,59939.99999999214,-193365.0000000215
2025-10-14,2025-10-14 14:35:45.965,2025-10-14 14:45:44.186,SHORT,25232.0,25252.0,-21.0,-9450.0,SL,-142875.00000002937,59939.99999999214,-202815.0000000215
2025-10-14,2025-10-14 14:51:24.437,2025-10-14 15:21:24.803,SHORT,25228.2,25201.0,26.200000000000728,11790.000000000327,TIME,-131085.00000002905,59939.99999999214,-191025.0000000212
2025-10-14,2025-10-14 15:27:04.931,2025-10-14 15:30:00.451,SHORT,25190.0,25190.0,-1.0,-450.0,EOD,-131535.00000002905,59939.99999999214,-191475.0000000212
2025-10-15,2025-10-15 09:16:15.023,2025-10-15 09:46:15.434,LONG,25330.0,25337.6,6.599999999998545,2969.999999999345,TIME,-128565.0000000297,59939.99999999214,-188505.00000002183
2025-10-15,2025-10-15 09:52:02.670,2025-10-15 10:22:02.970,LONG,25310.0,25365.0,54.0,24300.0,TIME,-104265.0000000297,59939.99999999214,-164205.00000002183
2025-10-15,2025-10-15 10:27:48.947,2025-10-15 10:57:49.466,LONG,25379.0,25407.0,27.0,12150.0,TIME,-92115.0000000297,59939.99999999214,-152055.00000002183
2025-10-15,2025-10-15 11:04:24.901,2025-10-15 11:34:25.030,LONG,25403.0,25410.5,6.5,2925.0,TIME,-89190.0000000297,59939.99999999214,-149130.00000002183
2025-10-15,2025-10-15 11:40:25.753,2025-10-15 12:10:33.523,LONG,25410.0,25406.1,-4.900000000001455,-2205.000000000655,TIME,-91395.00000003036,59939.99999999214,-151335.0000000225
2025-10-15,2025-10-15 12:16:15.025,2025-10-15 12:46:15.028,LONG,25400.9,25421.0,19.099999999998545,8594.999999999345,TIME,-82800.00000003101,59939.99999999214,-142740.00000002317
2025-10-15,2025-10-15 12:52:29.806,2025-10-15 13:22:32.009,LONG,25420.0,25451.0,30.0,13500.0,TIME,-69300.00000003101,59939.99999999214,-129240.00000002315
2025-10-15,2025-10-15 13:29:03.830,2025-10-15 13:49:27.844,LONG,25455.0,25435.0,-21.0,-9450.0,SL,-78750.00000003101,59939.99999999214,-138690.00000002317
2025-10-15,2025-10-15 13:55:15.587,2025-10-15 14:05:09.128,LONG,25435.1,25415.1,-21.0,-9450.0,SL,-88200.00000003101,59939.99999999214,-148140.00000002317
2025-10-15,2025-10-15 14:13:02.352,2025-10-15 14:43:02.883,LONG,25415.0,25422.0,6.0,2700.0,TIME,-85500.00000003101,59939.99999999214,-145440.00000002317
2025-10-15,2025-10-15 14:49:43.360,2025-10-15 15:13:46.374,SHORT,25406.0,25426.0,-21.0,-9450.0,SL,-94950.00000003101,59939.99999999214,-154890.00000002317
2025-10-15,2025-10-15 15:19:24.669,2025-10-15 15:30:00.169,SHORT,25429.4,25433.9,-5.5,-2475.0,EOD,-97425.00000003101,59939.99999999214,-157365.00000002317
2025-10-16,2025-10-16 09:15:30.029,2025-10-16 09:45:32.550,LONG,25493.1,25515.0,20.900000000001455,9405.000000000655,TIME,-88020.00000003036,59939.99999999214,-147960.0000000225
2025-10-16,2025-10-16 09:51:23.504,2025-10-16 10:21:24.161,LONG,25515.0,25522.0,6.0,2700.0,TIME,-85320.00000003036,59939.99999999214,-145260.0000000225
2025-10-16,2025-10-16 10:26:58.098,2025-10-16 10:56:58.221,LONG,25529.2,25538.2,8.0,3600.0,TIME,-81720.00000003036,59939.99999999214,-141660.0000000225
2025-10-16,2025-10-16 11:02:55.612,2025-10-16 11:32:55.827,LONG,25544.0,25547.5,2.5,1125.0,TIME,-80595.00000003036,59939.99999999214,-140535.0000000225
2025-10-16,2025-10-16 11:38:23.894,2025-10-16 12:08:24.145,LONG,25542.0,25550.7,7.700000000000728,3465.0000000003274,TIME,-77130.00000003004,59939.99999999214,-137070.00000002218
2025-10-16,2025-10-16 12:14:01.661,2025-10-16 12:21:47.388,SHORT,25560.1,25580.5,-21.400000000001455,-9630.000000000655,SL,-86760.00000003069,59939.99999999214,-146700.00000002282
2025-10-16,2025-10-16 12:27:28.124,2025-10-16 12:57:29.466,LONG,25590.0,25602.0,11.0,4950.0,TIME,-81810.00000003069,59939.99999999214,-141750.00000002282
2025-10-16,2025-10-16 13:03:52.402,2025-10-16 13:33:52.679,LONG,25608.0,25614.9,5.900000000001455,2655.000000000655,TIME,-79155.00000003004,59939.99999999214,-139095.00000002218
2025-10-16,2025-10-16 13:39:56.973,2025-10-16 14:09:57.422,LONG,25620.0,25662.0,41.0,18450.0,TIME,-60705.000000030035,59939.99999999214,-120645.00000002218
2025-10-16,2025-10-16 14:15:46.947,2025-10-16 14:17:19.471,LONG,25660.0,25639.5,-21.5,-9675.0,SL,-70380.00000003004,59939.99999999214,-130320.00000002218
2025-10-16,2025-10-16 14:22:44.668,2025-10-16 14:52:44.950,LONG,25650.0,25678.1,27.099999999998545,12194.999999999345,TIME,-58185.00000003069,59939.99999999214,-118125.00000002283
2025-10-16,2025-10-16 14:58:08.246,2025-10-16 15:03:07.477,LONG,25690.4,25670.0,-21.400000000001455,-9630.000000000655,SL,-67815.00000003134,59939.99999999214,-127755.00000002349
2025-10-17,2025-10-17 09:15:44.809,2025-10-17 09:29:09.409,LONG,25599.9,25661.2,60.29999999999927,27134.999999999673,TP,-40680.00000003167,59939.99999999214,-100620.0000000238
2025-10-17,2025-10-17 09:34:57.930,2025-10-17 09:49:32.640,LONG,25667.0,25647.0,-21.0,-9450.0,SL,-50130.00000003167,59939.99999999214,-110070.0000000238
2025-10-17,2025-10-17 09:56:54.183,2025-10-17 10:08:26.608,LONG,25655.0,25715.0,59.0,26550.0,TP,-23580.000000031672,59939.99999999214,-83520.0000000238
2025-10-17,2025-10-17 10:15:02.935,2025-10-17 10:45:03.256,LONG,25730.0,25745.0,14.0,6300.0,TIME,-17280.000000031672,59939.99999999214,-77220.0000000238
2025-10-17,2025-10-17 10:50:57.929,2025-10-17 11:00:58.214,LONG,25743.0,25803.9,59.900000000001455,26955.000000000655,TP,9674.999999968983,59939.99999999214,-50265.00000002316
2025-10-17,2025-10-17 11:07:44.329,2025-10-17 11:13:15.707,SHORT,25805.0,25825.0,-21.0,-9450.0,SL,224.9999999689826,59939.99999999214,-59715.00000002316
2025-10-17,2025-10-17 11:19:26.534,2025-10-17 11:42:47.727,LONG,25819.8,25799.7,-21.099999999998545,-9494.999999999345,SL,-9270.000000030363,59939.99999999214,-69210.0000000225
2025-10-17,2025-10-17 11:49:49.936,2025-10-17 11:51:23.502,LONG,25808.0,25788.0,-21.0,-9450.0,SL,-18720.000000030363,59939.99999999214,-78660.0000000225
2025-10-17,2025-10-17 11:56:56.721,2025-10-17 12:26:56.990,LONG,25800.0,25829.9,28.900000000001455,13005.000000000655,TIME,-5715.000000029708,59939.99999999214,-65655.00000002186
2025-10-17,2025-10-17 12:33:43.225,2025-10-17 12:39:47.264,LONG,25830.2,25810.0,-21.200000000000728,-9540.000000000327,SL,-15255.000000030035,59939.99999999214,-75195.00000002218
2025-10-17,2025-10-17 12:46:50.502,2025-10-17 12:47:48.050,LONG,25801.1,25781.0,-21.099999999998545,-9494.999999999345,SL,-24750.00000002938,59939.99999999214,-84690.00000002152
2025-10-17,2025-10-17 12:53:34.773,2025-10-17 13:04:25.737,LONG,25744.4,25724.0,-21.400000000001455,-9630.000000000655,SL,-34380.000000030035,59939.99999999214,-94320.00000002218
2025-10-17,2025-10-17 13:10:24.552,2025-10-17 13:12:34.311,SHORT,25707.5,25727.7,-21.200000000000728,-9540.000000000327,SL,-43920.00000003036,59939.99999999214,-103860.0000000225
2025-10-17,2025-10-17 13:18:45.583,2025-10-17 13:35:54.550,SHORT,25730.0,25668.0,61.0,27450.0,TP,-16470.000000030363,59939.99999999214,-76410.0000000225
2025-10-17,2025-10-17 13:41:57.077,2025-10-17 13:50:51.123,LONG,25684.0,25662.9,-22.099999999998545,-9944.999999999345,SL,-26415.000000029708,59939.99999999214,-86355.00000002186
2025-10-17,2025-10-17 13:57:15.820,2025-10-17 13:59:45.852,SHORT,25695.8,25716.0,-21.200000000000728,-9540.000000000327,SL,-35955.000000030035,59939.99999999214,-95895.00000002218
2025-10-17,2025-10-17 14:08:08.035,2025-10-17 14:15:51.822,LONG,25738.9,25718.0,-21.900000000001455,-9855.000000000655,SL,-45810.00000003069,59939.99999999214,-105750.00000002283
2025-10-17,2025-10-17 14:22:14.871,2025-10-17 14:52:15.297,LONG,25745.0,25763.9,17.900000000001455,8055.000000000655,TIME,-37755.000000030035,59939.99999999214,-97695.00000002218
2025-10-17,2025-10-17 14:57:47.579,2025-10-17 15:01:25.349,LONG,25775.0,25754.1,-21.900000000001455,-9855.000000000655,SL,-47610.00000003069,59939.99999999214,-107550.00000002283
2025-10-20,2025-10-20 09:16:05.372,2025-10-20 09:25:04.567,SHORT,25961.8,25900.2,60.599999999998545,27269.999999999345,TP,-20340.000000031345,59939.99999999214,-80280.00000002349
2025-10-20,2025-10-20 09:32:06.363,2025-10-20 09:37:19.121,LONG,25922.1,25900.0,-23.099999999998545,-10394.999999999345,SL,-30735.00000003069,59939.99999999214,-90675.00000002283
2025-10-20,2025-10-20 09:43:36.513,2025-10-20 09:46:15.327,LONG,25881.8,25861.3,-21.5,-9675.0,SL,-40410.00000003069,59939.99999999214,-100350.00000002283
2025-10-20,2025-10-20 09:52:03.402,2025-10-20 09:57:17.467,SHORT,25850.8,25874.0,-24.200000000000728,-10890.000000000327,SL,-51300.00000003102,59939.99999999214,-111240.00000002317
2025-10-20,2025-10-20 10:03:45.932,2025-10-20 10:08:17.473,LONG,25879.2,25857.9,-22.299999999999272,-10034.999999999673,SL,-61335.00000003069,59939.99999999214,-121275.00000002283
2025-10-20,2025-10-20 10:13:51.424,2025-10-20 10:43:51.669,SHORT,25893.0,25902.8,-10.799999999999272,-4859.999999999673,TIME,-66195.00000003036,59939.99999999214,-126135.0000000225
2025-10-20,2025-10-20 10:49:26.427,2025-10-20 11:17:37.956,LONG,25915.9,25895.6,-21.30000000000291,-9585.00000000131,SL,-75780.00000003166,59939.99999999214,-135720.0000000238
2025-10-20,2025-10-20 11:24:36.718,2025-10-20 11:42:01.523,LONG,25885.0,25865.0,-21.0,-9450.0,SL,-85230.00000003166,59939.99999999214,-145170.0000000238
2025-10-20,2025-10-20 11:47:38.745,2025-10-20 12:17:38.754,LONG,25874.0,25891.3,16.299999999999272,7334.999999999673,TIME,-77895.00000003199,59939.99999999214,-137835.00000002413
2025-10-20,2025-10-20 12:24:11.415,2025-10-20 12:40:58.269,SHORT,25888.9,25909.2,-21.299999999999272,-9584.999999999673,SL,-87480.00000003166,59939.99999999214,-147420.0000000238
2025-10-20,2025-10-20 12:47:23.494,2025-10-20 13:17:24.789,LONG,25915.0,25925.4,9.400000000001455,4230.000000000655,TIME,-83250.00000003101,59939.99999999214,-143190.00000002317
2025-10-20,2025-10-20 13:26:49.554,2025-10-20 13:49:08.288,LONG,25921.5,25901.2,-21.299999999999272,-9584.999999999673,SL,-92835.00000003068,59939.99999999214,-152775.00000002282
2025-10-20,2025-10-20 13:55:41.831,2025-10-20 14:21:01.464,LONG,25909.0,25887.2,-22.799999999999272,-10259.999999999673,SL,-103095.00000003036,59939.99999999214,-163035.0000000225
2025-10-20,2025-10-20 14:27:00.060,2025-10-20 14:57:00.646,LONG,25880.1,25895.0,13.900000000001455,6255.000000000655,TIME,-96840.0000000297,59939.99999999214,-156780.00000002183
2025-10-23,2025-10-23 09:21:14.186,2025-10-23 09:30:44.621,LONG,26085.5,26145.9,59.400000000001455,26730.000000000655,TP,-70110.00000002905,59939.99999999214,-130050.00000002119
2025-10-23,2025-10-23 09:36:21.052,2025-10-23 10:06:22.244,SHORT,26155.2,26150.0,4.200000000000728,1890.0000000003274,TIME,-68220.00000002873,59939.99999999214,-128160.00000002087
2025-10-23,2025-10-23 10:12:42.975,2025-10-23 10:30:03.023,LONG,26160.0,26140.0,-21.0,-9450.0,SL,-77670.00000002873,59939.99999999214,-137610.00000002087
2025-10-23,2025-10-23 10:35:43.205,2025-10-23 11:05:43.226,LONG,26134.4,26130.8,-4.600000000002183,-2070.0000000009823,TIME,-79740.00000002972,59939.99999999214,-139680.00000002186
2025-10-23,2025-10-23 11:11:34.736,2025-10-23 11:41:34.752,LONG,26120.0,26129.0,8.0,3600.0,TIME,-76140.00000002972,59939.99999999214,-136080.00000002186
2025-10-23,2025-10-23 11:47:56.028,2025-10-23 12:17:56.566,LONG,26137.6,26161.1,22.5,10125.0,TIME,-66015.00000002972,59939.99999999214,-125955.00000002186
2025-10-23,2025-10-23 12:23:44.090,2025-10-23 12:48:17.151,LONG,26161.7,26141.1,-21.600000000002183,-9720.000000000982,SL,-75735.0000000307,59939.99999999214,-135675.00000002285
2025-10-23,2025-10-23 12:59:47.053,2025-10-23 13:29:47.615,LONG,26130.0,26125.0,-6.0,-2700.0,TIME,-78435.0000000307,59939.99999999214,-138375.00000002285
2025-10-23,2025-10-23 13:35:40.820,2025-10-23 13:58:41.365,LONG,26085.0,26064.3,-21.700000000000728,-9765.000000000327,SL,-88200.00000003102,59939.99999999214,-148140.00000002317
2025-10-23,2025-10-23 14:04:31.392,2025-10-23 14:11:01.133,LONG,26053.4,26032.0,-22.400000000001455,-10080.000000000655,SL,-98280.00000003168,59939.99999999214,-158220.0000000238
2025-10-23,2025-10-23 14:16:38.223,2025-10-23 14:42:25.622,SHORT,26032.9,26054.0,-22.099999999998545,-9944.999999999345,SL,-108225.00000003102,59939.99999999214,-168165.00000002317
2025-10-23,2025-10-23 14:48:05.408,2025-10-23 14:52:11.891,LONG,26065.0,26045.0,-21.0,-9450.0,SL,-117675.00000003102,59939.99999999214,-177615.00000002317
2025-10-23,2025-10-23 15:00:13.740,2025-10-23 15:00:49.523,LONG,26044.0,26022.0,-23.0,-10350.0,SL,-128025.00000003102,59939.99999999214,-187965.00000002317
2025-10-23,2025-10-23 15:06:25.760,2025-10-23 15:08:33.166,LONG,26000.0,25980.0,-21.0,-9450.0,SL,-137475.00000003102,59939.99999999214,-197415.00000002317
2025-10-24,2025-10-24 09:16:02.886,2025-10-24 09:16:38.369,LONG,25953.0,25929.8,-24.200000000000728,-10890.000000000327,SL,-148365.00000003134,59939.99999999214,-208305.0000000235
2025-10-24,2025-10-24 09:22:45.483,2025-10-24 09:37:59.523,SHORT,25950.3,25972.0,-22.700000000000728,-10215.000000000327,SL,-158580.00000003166,59939.99999999214,-218520.0000000238
2025-10-24,2025-10-24 09:44:02.187,2025-10-24 09:47:45.436,LONG,25972.6,25950.0,-23.599999999998545,-10619.999999999345,SL,-169200.00000003102,59939.99999999214,-229140.00000002317
2025-10-24,2025-10-24 09:53:26.677,2025-10-24 10:17:50.536,LONG,25940.0,25917.2,-23.799999999999272,-10709.999999999673,SL,-179910.0000000307,59939.99999999214,-239850.00000002285
2025-10-24,2025-10-24 10:23:18.027,2025-10-24 10:31:53.742,LONG,25879.0,25857.3,-22.700000000000728,-10215.000000000327,SL,-190125.00000003102,59939.99999999214,-250065.00000002317
2025-10-24,2025-10-24 10:37:57.689,2025-10-24 11:07:58.056,SHORT,25875.8,25850.6,24.200000000000728,10890.000000000327,TIME,-179235.0000000307,59939.99999999214,-239175.00000002285
2025-10-24,2025-10-24 11:13:44.527,2025-10-24 11:31:01.980,LONG,25862.5,25842.0,-21.5,-9675.0,SL,-188910.0000000307,59939.99999999214,-248850.00000002285
2025-10-24,2025-10-24 11:37:07.277,2025-10-24 12:07:07.525,LONG,25874.7,25883.9,8.200000000000728,3690.0000000003274,TIME,-185220.00000003038,59939.99999999214,-245160.00000002253
2025-10-24,2025-10-24 12:13:11.263,2025-10-24 12:32:01.264,LONG,25905.0,25885.0,-21.0,-9450.0,SL,-194670.00000003038,59939.99999999214,-254610.00000002253
2025-10-24,2025-10-24 12:38:07.495,2025-10-24 12:42:26.624,LONG,25897.0,25876.0,-22.0,-9900.0,SL,-204570.00000003038,59939.99999999214,-264510.0000000225
2025-10-24,2025-10-24 12:47:55.557,2025-10-24 12:51:38.775,LONG,25886.9,25865.1,-22.80000000000291,-10260.00000000131,SL,-214830.0000000317,59939.99999999214,-274770.00000002387
2025-10-24,2025-10-24 12:58:20.067,2025-10-24 13:23:50.082,LONG,25852.2,25831.3,-21.900000000001455,-9855.000000000655,SL,-224685.00000003236,59939.99999999214,-284625.0000000245
2025-10-24,2025-10-24 13:30:05.911,2025-10-24 13:39:20.791,LONG,25799.5,25774.0,-26.5,-11925.0,SL,-236610.00000003236,59939.99999999214,-296550.0000000245
2025-10-24,2025-10-24 13:44:50.345,2025-10-24 14:14:51.083,LONG,25752.9,25785.0,31.099999999998545,13994.999999999345,TIME,-222615.000000033,59939.99999999214,-282555.00000002515
2025-10-24,2025-10-24 14:20:42.083,2025-10-24 14:47:26.881,LONG,25790.0,25769.0,-22.0,-9900.0,SL,-232515.000000033,59939.99999999214,-292455.00000002515
2025-10-24,2025-10-24 14:53:25.652,2025-10-24 15:23:26.360,LONG,25774.1,25810.0,34.900000000001455,15705.000000000655,TIME,-216810.00000003236,59939.99999999214,-276750.0000000245
2025-10-27,2025-10-27 09:15:55.337,2025-10-27 09:37:51.561,LONG,25914.0,25974.4,59.400000000001455,26730.000000000655,TP,-190080.00000003172,59939.99999999214,-250020.00000002387
2025-10-27,2025-10-27 09:43:24.570,2025-10-27 10:03:39.060,LONG,26007.0,25985.0,-23.0,-10350.0,SL,-200430.00000003172,59939.99999999214,-260370.00000002387
2025-10-27,2025-10-27 10:09:21.038,2025-10-27 10:36:44.373,LONG,26039.0,26016.6,-23.400000000001455,-10530.000000000655,SL,-210960.00000003236,59939.99999999214,-270900.0000000245
2025-10-27,2025-10-27 10:42:25.166,2025-10-27 11:12:25.524,LONG,26024.0,26037.7,12.700000000000728,5715.000000000327,TIME,-205245.00000003204,59939.99999999214,-265185.0000000242
2025-10-27,2025-10-27 11:18:46.552,2025-10-27 11:41:09.179,LONG,26032.9,26006.7,-27.200000000000728,-12240.000000000327,SL,-217485.00000003236,59939.99999999214,-277425.0000000245
2025-10-27,2025-10-27 11:46:51.389,2025-10-27 12:03:13.882,LONG,26000.0,26060.0,59.0,26550.0,TP,-190935.00000003236,59939.99999999214,-250875.0000000245
2025-10-27,2025-10-27 12:08:51.165,2025-10-27 12:38:51.205,SHORT,26059.0,26019.4,38.599999999998545,17369.999999999345,TIME,-173565.000000033,59939.99999999214,-233505.00000002515
2025-10-27,2025-10-27 12:44:39.923,2025-10-27 13:10:24.981,LONG,26023.8,26003.0,-21.799999999999272,-9809.999999999673,SL,-183375.00000003268,59939.99999999214,-243315.00000002483
2025-10-27,2025-10-27 13:15:58.479,2025-10-27 13:17:49.418,LONG,26011.3,25989.7,-22.599999999998545,-10169.999999999345,SL,-193545.000000032,59939.99999999214,-253485.00000002416
2025-10-27,2025-10-27 13:23:49.949,2025-10-27 13:53:50.859,LONG,25975.4,26008.3,31.899999999997817,14354.999999999018,TIME,-179190.000000033,59939.99999999214,-239130.00000002515
2025-10-27,2025-10-27 13:59:55.993,2025-10-27 14:13:54.495,LONG,26005.0,25984.1,-21.900000000001455,-9855.000000000655,SL,-189045.00000003364,59939.99999999214,-248985.0000000258
2025-10-27,2025-10-27 14:19:30.508,2025-10-27 14:46:32.772,LONG,26015.0,25994.5,-21.5,-9675.0,SL,-198720.00000003364,59939.99999999214,-258660.0000000258
2025-10-27,2025-10-27 14:52:14.037,2025-10-27 15:22:14.652,LONG,25998.6,26011.0,11.400000000001455,5130.000000000655,TIME,-193590.000000033,59939.99999999214,-253530.00000002515
2025-10-28,2025-10-28 09:15:51.356,2025-10-28 09:18:48.009,LONG,26024.1,26001.2,-23.899999999997817,-10754.999999999018,SL,-204345.000000032,59939.99999999214,-264285.00000002416
2025-10-28,2025-10-28 09:24:28.640,2025-10-28 09:24:39.131,LONG,26020.0,25999.0,-22.0,-9900.0,SL,-214245.000000032,59939.99999999214,-274185.00000002416
2025-10-28,2025-10-28 09:30:10.124,2025-10-28 09:42:33.370,LONG,26011.3,26072.3,60.0,27000.0,TP,-187245.000000032,59939.99999999214,-247185.00000002416
2025-10-28,2025-10-28 09:48:25.111,2025-10-28 09:50:20.420,LONG,26047.0,26025.6,-22.400000000001455,-10080.000000000655,SL,-197325.00000003265,59939.99999999214,-257265.0000000248
2025-10-28,2025-10-28 09:55:58.453,2025-10-28 10:05:44.951,SHORT,25997.1,25935.3,60.79999999999927,27359.999999999673,TP,-169965.00000003297,59939.99999999214,-229905.00000002512
2025-10-28,2025-10-28 10:11:25.171,2025-10-28 10:32:01.592,LONG,25914.1,25892.3,-22.799999999999272,-10259.999999999673,SL,-180225.00000003265,59939.99999999214,-240165.0000000248
2025-10-28,2025-10-28 10:37:51.002,2025-10-28 10:54:38.693,LONG,25891.4,25870.2,-22.200000000000728,-9990.000000000327,SL,-190215.00000003297,59939.99999999214,-250155.00000002512
2025-10-28,2025-10-28 11:00:11.944,2025-10-28 11:03:42.934,LONG,25877.8,25857.6,-21.200000000000728,-9540.000000000327,SL,-199755.0000000333,59939.99999999214,-259695.00000002544
2025-10-28,2025-10-28 11:09:23.460,2025-10-28 11:39:23.722,LONG,25864.9,25888.9,23.0,10350.0,TIME,-189405.0000000333,59939.99999999214,-249345.00000002544
2025-10-28,2025-10-28 11:45:00.482,2025-10-28 11:56:25.242,LONG,25896.0,25875.1,-21.900000000001455,-9855.000000000655,SL,-199260.00000003394,59939.99999999214,-259200.00000002608
2025-10-28,2025-10-28 12:03:52.034,2025-10-28 12:06:24.972,LONG,25859.0,25837.0,-23.0,-10350.0,SL,-209610.00000003394,59939.99999999214,-269550.0000000261
2025-10-28,2025-10-28 12:13:12.006,2025-10-28 12:36:10.397,LONG,25844.6,25905.0,59.400000000001455,26730.000000000655,TP,-182880.0000000333,59939.99999999214,-242820.00000002544
2025-10-28,2025-10-28 12:42:50.282,2025-10-28 13:12:50.330,LONG,25929.8,25942.8,12.0,5400.0,TIME,-177480.0000000333,59939.99999999214,-237420.00000002544
2025-10-28,2025-10-28 13:18:49.564,2025-10-28 13:42:43.051,LONG,25943.5,25922.8,-21.700000000000728,-9765.000000000327,SL,-187245.00000003361,59939.99999999214,-247185.00000002576
2025-10-28,2025-10-28 13:48:17.877,2025-10-28 14:18:18.895,SHORT,25888.8,25860.0,27.799999999999272,12509.999999999673,TIME,-174735.00000003394,59939.99999999214,-234675.00000002608
2025-10-28,2025-10-28 14:24:17.087,2025-10-28 14:54:17.854,SHORT,25852.1,25842.7,8.399999999997817,3779.9999999990177,TIME,-170955.00000003492,59939.99999999214,-230895.00000002707
2025-10-28,2025-10-28 15:00:04.224,2025-10-28 15:02:05.896,LONG,25864.0,25924.0,59.0,26550.0,TP,-144405.00000003492,59939.99999999214,-204345.00000002707
2025-10-31,2025-10-31 10:30:06.767,2025-10-31 10:31:25.980,LONG,25997.9,25977.2,-21.700000000000728,-9765.000000000327,SL,-154170.00000003524,59939.99999999214,-214110.0000000274
2025-10-31,2025-10-31 10:37:45.827,2025-10-31 11:01:05.286,LONG,25952.0,25932.0,-21.0,-9450.0,SL,-163620.00000003524,59939.99999999214,-223560.0000000274
2025-10-31,2025-10-31 11:06:48.554,2025-10-31 11:12:48.765,LONG,25933.0,25912.4,-21.599999999998545,-9719.999999999345,SL,-173340.00000003458,59939.99999999214,-233280.00000002672
2025-10-31,2025-10-31 11:18:22.987,2025-10-31 11:48:23.388,LONG,25927.0,25943.0,15.0,6750.0,TIME,-166590.00000003458,59939.99999999214,-226530.00000002672
2025-10-31,2025-10-31 11:53:54.512,2025-10-31 12:14:24.523,LONG,25965.0,25945.0,-21.0,-9450.0,SL,-176040.00000003458,59939.99999999214,-235980.00000002672
2025-10-31,2025-10-31 12:21:08.911,2025-10-31 12:23:49.230,LONG,25953.9,25933.1,-21.80000000000291,-9810.00000000131,SL,-185850.00000003589,59939.99999999214,-245790.00000002803
2025-10-31,2025-10-31 12:29:48.985,2025-10-31 12:59:49.509,LONG,25932.6,25940.0,6.400000000001455,2880.000000000655,TIME,-182970.00000003522,59939.99999999214,-242910.00000002736
2025-10-31,2025-10-31 13:05:52.580,2025-10-31 13:25:56.044,LONG,25951.1,25930.0,-22.099999999998545,-9944.999999999345,SL,-192915.00000003458,59939.99999999214,-252855.00000002672
2025-10-31,2025-10-31 13:31:44.177,2025-10-31 13:47:47.029,LONG,25924.0,25902.2,-22.799999999999272,-10259.999999999673,SL,-203175.00000003426,59939.99999999214,-263115.0000000264
2025-10-31,2025-10-31 13:53:22.901,2025-10-31 14:23:23.126,LONG,25908.0,25909.9,0.9000000000014552,405.00000000065484,TIME,-202770.0000000336,59939.99999999214,-262710.0000000257
2025-10-31,2025-10-31 14:28:57.657,2025-10-31 14:51:56.853,LONG,25925.0,25905.0,-21.0,-9450.0,SL,-212220.0000000336,59939.99999999214,-272160.0000000257
2025-10-31,2025-10-31 14:57:50.283,2025-10-31 15:27:50.501,LONG,25906.0,25912.8,5.799999999999272,2609.9999999996726,TIME,-209610.0000000339,59939.99999999214,-269550.0000000261
2025-11-04,2025-11-04 09:15:35.898,2025-11-04 09:20:12.861,LONG,25885.0,25864.8,-21.200000000000728,-9540.000000000327,SL,-219150.00000003423,59939.99999999214,-279090.00000002637
2025-11-04,2025-11-04 09:25:57.290,2025-11-04 09:47:53.708,SHORT,25870.0,25810.0,59.0,26550.0,TP,-192600.00000003423,59939.99999999214,-252540.00000002637
2025-11-04,2025-11-04 09:54:48.322,2025-11-04 10:15:51.324,LONG,25818.0,25798.0,-21.0,-9450.0,SL,-202050.00000003423,59939.99999999214,-261990.00000002637
2025-11-04,2025-11-04 10:21:44.338,2025-11-04 10:51:45.094,LONG,25805.0,25809.9,3.900000000001455,1755.0000000006548,TIME,-200295.0000000336,59939.99999999214,-260235.00000002573
2025-11-04,2025-11-04 10:58:45.112,2025-11-04 11:11:33.187,LONG,25812.0,25791.0,-22.0,-9900.0,SL,-210195.0000000336,59939.99999999214,-270135.0000000257
2025-11-04,2025-11-04 11:18:08.861,2025-11-04 11:38:58.867,LONG,25792.8,25772.0,-21.799999999999272,-9809.999999999673,SL,-220005.00000003327,59939.99999999214,-279945.0000000254
2025-11-04,2025-11-04 11:44:37.623,2025-11-04 12:14:38.134,LONG,25778.0,25790.0,11.0,4950.0,TIME,-215055.00000003327,59939.99999999214,-274995.0000000254
2025-11-04,2025-11-04 12:20:08.686,2025-11-04 12:28:56.665,LONG,25799.0,25779.0,-21.0,-9450.0,SL,-224505.00000003327,59939.99999999214,-284445.0000000254
2025-11-04,2025-11-04 12:35:42.924,2025-11-04 13:05:43.152,LONG,25780.2,25790.0,8.799999999999272,3959.9999999996726,TIME,-220545.0000000336,59939.99999999214,-280485.0000000257
2025-11-04,2025-11-04 13:12:15.694,2025-11-04 13:21:03.384,LONG,25782.9,25755.1,-28.80000000000291,-12960.00000000131,SL,-233505.0000000349,59939.99999999214,-293445.000000027
2025-11-04,2025-11-04 13:26:58.969,2025-11-04 13:57:00.456,LONG,25766.4,25770.0,2.599999999998545,1169.9999999993452,TIME,-232335.00000003556,59939.99999999214,-292275.0000000277
2025-11-04,2025-11-04 14:02:27.935,2025-11-04 14:32:28.251,SHORT,25760.2,25732.0,27.200000000000728,12240.000000000327,TIME,-220095.00000003524,59939.99999999214,-280035.00000002736
2025-11-04,2025-11-04 14:39:22.592,2025-11-04 14:46:00.755,LONG,25743.0,25722.9,-21.099999999998545,-9494.999999999345,SL,-229590.00000003458,59939.99999999214,-289530.0000000267
2025-11-04,2025-11-04 14:51:45.266,2025-11-04 15:21:45.267,SHORT,25715.1,25708.0,6.099999999998545,2744.999999999345,TIME,-226845.00000003522,59939.99999999214,-286785.00000002736
2025-11-06,2025-11-06 09:15:46.689,2025-11-06 09:26:09.275,LONG,25774.9,25754.0,-21.900000000001455,-9855.000000000655,SL,-236700.00000003586,59939.99999999214,-296640.000000028
2025-11-06,2025-11-06 09:32:14.002,2025-11-06 10:02:14.909,LONG,25740.0,25764.0,23.0,10350.0,TIME,-226350.00000003586,59939.99999999214,-286290.000000028
2025-11-06,2025-11-06 10:08:55.039,2025-11-06 10:09:47.441,LONG,25712.9,25691.2,-22.700000000000728,-10215.000000000327,SL,-236565.00000003618,59939.99999999214,-296505.0000000283
2025-11-06,2025-11-06 10:15:27.960,2025-11-06 10:29:13.021,LONG,25660.0,25640.0,-21.0,-9450.0,SL,-246015.00000003618,59939.99999999214,-305955.0000000283
2025-11-06,2025-11-06 10:35:03.931,2025-11-06 11:05:03.976,LONG,25641.4,25688.0,45.599999999998545,20519.999999999345,TIME,-225495.00000003685,59939.99999999214,-285435.000000029
2025-11-06,2025-11-06 11:10:53.490,2025-11-06 11:19:20.261,LONG,25670.0,25650.0,-21.0,-9450.0,SL,-234945.00000003685,59939.99999999214,-294885.000000029
2025-11-06,2025-11-06 11:25:10.485,2025-11-06 11:55:11.240,LONG,25642.4,25655.0,11.599999999998545,5219.999999999345,TIME,-229725.0000000375,59939.99999999214,-289665.0000000296
2025-11-06,2025-11-06 12:01:00.999,2025-11-06 12:13:33.341,LONG,25670.0,25650.0,-21.0,-9450.0,SL,-239175.0000000375,59939.99999999214,-299115.0000000296
2025-11-06,2025-11-06 12:19:50.521,2025-11-06 12:49:50.895,LONG,25653.9,25707.9,53.0,23850.0,TIME,-215325.0000000375,59939.99999999214,-275265.0000000296
2025-11-06,2025-11-06 12:55:29.071,2025-11-06 13:06:48.344,LONG,25720.0,25700.0,-21.0,-9450.0,SL,-224775.0000000375,59939.99999999214,-284715.0000000296
2025-11-06,2025-11-06 13:12:55.300,2025-11-06 13:42:56.071,LONG,25684.5,25680.6,-4.900000000001455,-2205.000000000655,TIME,-226980.00000003813,59939.99999999214,-286920.00000003027
2025-11-06,2025-11-06 13:50:17.877,2025-11-06 13:53:50.102,LONG,25643.9,25623.0,-21.900000000001455,-9855.000000000655,SL,-236835.00000003877,59939.99999999214,-296775.0000000309
2025-11-06,2025-11-06 13:59:42.934,2025-11-06 14:29:43.361,LONG,25632.7,25641.8,8.099999999998545,3644.999999999345,TIME,-233190.0000000394,59939.99999999214,-293130.00000003155
2025-11-06,2025-11-06 14:35:18.615,2025-11-06 15:03:19.618,LONG,25652.0,25632.0,-21.0,-9450.0,SL,-242640.0000000394,59939.99999999214,-302580.00000003155
2025-11-06,2025-11-06 15:08:47.399,2025-11-06 15:12:03.214,LONG,25626.0,25606.0,-21.0,-9450.0,SL,-252090.0000000394,59939.99999999214,-312030.00000003155
2025-11-07,2025-11-07 09:15:43.089,2025-11-07 09:23:01.774,SHORT,25500.0,25437.8,61.20000000000073,27540.000000000327,TP,-224550.0000000391,59939.99999999214,-284490.0000000312
2025-11-07,2025-11-07 09:28:47.787,2025-11-07 09:47:39.651,SHORT,25460.3,25484.0,-24.700000000000728,-11115.000000000327,SL,-235665.0000000394,59939.99999999214,-295605.00000003155
2025-11-07,2025-11-07 09:53:16.566,2025-11-07 09:55:05.027,LONG,25465.0,25444.0,-22.0,-9900.0,SL,-245565.0000000394,59939.99999999214,-305505.00000003155
2025-11-07,2025-11-07 10:00:45.512,2025-11-07 10:20:36.267,SHORT,25445.3,25465.8,-21.5,-9675.0,SL,-255240.0000000394,59939.99999999214,-315180.00000003155
2025-11-07,2025-11-07 10:28:17.001,2025-11-07 10:58:17.038,LONG,25455.0,25465.6,9.599999999998545,4319.999999999345,TIME,-250920.00000004005,59939.99999999214,-310860.0000000322
2025-11-07,2025-11-07 11:11:49.727,2025-11-07 11:29:57.069,LONG,25484.4,25545.0,59.599999999998545,26819.999999999345,TP,-224100.0000000407,59939.99999999214,-284040.00000003283
2025-11-07,2025-11-07 11:35:30.828,2025-11-07 11:46:42.349,LONG,25560.8,25540.0,-21.799999999999272,-9809.999999999673,SL,-233910.00000004037,59939.99999999214,-293850.0000000325
2025-11-07,2025-11-07 11:59:30.856,2025-11-07 12:29:31.134,LONG,25531.1,25555.0,22.900000000001455,10305.000000000655,TIME,-223605.0000000397,59939.99999999214,-283545.00000003184
2025-11-07,2025-11-07 12:36:26.107,2025-11-07 13:06:26.183,LONG,25559.0,25585.3,25.299999999999272,11384.999999999673,TIME,-212220.00000004002,59939.99999999214,-272160.00000003213
2025-11-07,2025-11-07 13:12:36.419,2025-11-07 13:27:16.157,LONG,25580.9,25644.0,62.099999999998545,27944.999999999345,TP,-184275.0000000407,59939.99999999214,-244215.00000003283
2025-11-07,2025-11-07 13:32:43.476,2025-11-07 13:55:53.990,LONG,25635.0,25615.0,-21.0,-9450.0,SL,-193725.0000000407,59939.99999999214,-253665.00000003283
2025-11-07,2025-11-07 14:02:01.195,2025-11-07 14:06:08.555,LONG,25574.9,25554.1,-21.80000000000291,-9810.00000000131,SL,-203535.000000042,59939.99999999214,-263475.0000000341
2025-11-07,2025-11-07 14:14:15.949,2025-11-07 14:27:05.591,LONG,25569.1,25630.0,59.900000000001455,26955.000000000655,TP,-176580.00000004133,59939.99999999214,-236520.00000003347
2025-11-07,2025-11-07 14:32:36.427,2025-11-07 14:41:07.481,LONG,25630.0,25610.0,-21.0,-9450.0,SL,-186030.00000004133,59939.99999999214,-245970.00000003347
2025-11-07,2025-11-07 14:47:14.554,2025-11-07 14:58:10.488,LONG,25607.1,25587.0,-21.099999999998545,-9494.999999999345,SL,-195525.0000000407,59939.99999999214,-255465.00000003283
2025-11-07,2025-11-07 15:03:53.956,2025-11-07 15:15:22.767,SHORT,25570.1,25593.8,-24.700000000000728,-11115.000000000327,SL,-206640.000000041,59939.99999999214,-266580.0000000332
2025-11-11,2025-11-11 09:15:52.074,2025-11-11 09:16:06.551,LONG,25720.0,25698.0,-23.0,-10350.0,SL,-216990.000000041,59939.99999999214,-276930.0000000332
2025-11-11,2025-11-11 09:21:40.806,2025-11-11 09:34:23.114,LONG,25625.3,25605.0,-21.299999999999272,-9584.999999999673,SL,-226575.0000000407,59939.99999999214,-286515.00000003283
2025-11-11,2025-11-11 09:40:13.703,2025-11-11 09:50:38.638,LONG,25620.0,25600.0,-21.0,-9450.0,SL,-236025.0000000407,59939.99999999214,-295965.00000003283
2025-11-11,2025-11-11 09:57:31.334,2025-11-11 10:24:33.378,LONG,25619.0,25598.0,-22.0,-9900.0,SL,-245925.0000000407,59939.99999999214,-305865.00000003283
2025-11-11,2025-11-11 10:30:40.162,2025-11-11 10:33:04.397,LONG,25598.9,25577.8,-22.100000000002183,-9945.000000000982,SL,-255870.00000004168,59939.99999999214,-315810.0000000338
2025-11-11,2025-11-11 10:38:34.561,2025-11-11 10:53:40.676,SHORT,25565.0,25586.0,-22.0,-9900.0,SL,-265770.0000000417,59939.99999999214,-325710.0000000338
2025-11-11,2025-11-11 10:59:28.154,2025-11-11 11:29:28.429,LONG,25594.0,25585.0,-10.0,-4500.0,TIME,-270270.0000000417,59939.99999999214,-330210.0000000338
2025-11-11,2025-11-11 11:40:22.433,2025-11-11 11:56:28.190,LONG,25595.0,25655.0,59.0,26550.0,TP,-243720.00000004168,59939.99999999214,-303660.0000000338
2025-11-11,2025-11-11 12:02:00.421,2025-11-11 12:32:00.980,LONG,25650.0,25686.8,35.79999999999927,16109.999999999673,TIME,-227610.000000042,59939.99999999214,-287550.0000000341
2025-11-11,2025-11-11 12:38:46.743,2025-11-11 13:08:47.494,SHORT,25675.1,25677.2,-3.100000000002183,-1395.0000000009823,TIME,-229005.000000043,59939.99999999214,-288945.00000003516
2025-11-11,2025-11-11 13:14:54.737,2025-11-11 13:44:55.029,LONG,25698.0,25739.9,40.900000000001455,18405.000000000655,TIME,-210600.00000004232,59939.99999999214,-270540.00000003446
2025-11-11,2025-11-11 13:50:21.102,2025-11-11 13:56:59.797,LONG,25782.0,25761.7,-21.299999999999272,-9584.999999999673,SL,-220185.000000042,59939.99999999214,-280125.0000000341
2025-11-11,2025-11-11 14:02:36.033,2025-11-11 14:32:36.048,LONG,25754.0,25810.0,55.0,24750.0,TIME,-195435.000000042,59939.99999999214,-255375.00000003414
2025-11-11,2025-11-11 14:39:01.541,2025-11-11 15:09:01.813,LONG,25790.0,25799.0,8.0,3600.0,TIME,-191835.000000042,59939.99999999214,-251775.00000003414
2025-11-11,2025-11-11 15:14:53.812,2025-11-11 15:30:00.081,LONG,25798.9,25831.8,31.899999999997817,14354.999999999018,EOD,-177480.000000043,59939.99999999214,-237420.00000003513
2025-11-12,2025-11-12 09:15:41.683,2025-11-12 09:29:15.019,LONG,25938.0,25915.0,-24.0,-10800.0,SL,-188280.000000043,59939.99999999214,-248220.00000003513
2025-11-12,2025-11-12 09:34:53.610,2025-11-12 10:04:54.104,LONG,25910.1,25930.3,19.200000000000728,8640.000000000327,TIME,-179640.00000004267,59939.99999999214,-239580.0000000348
2025-11-12,2025-11-12 10:11:44.516,2025-11-12 10:27:45.715,LONG,25940.0,25920.0,-21.0,-9450.0,SL,-189090.00000004267,59939.99999999214,-249030.0000000348
2025-11-12,2025-11-12 10:33:28.307,2025-11-12 11:03:28.327,LONG,25943.2,25966.0,21.799999999999272,9809.999999999673,TIME,-179280.000000043,59939.99999999214,-239220.00000003513
2025-11-12,2025-11-12 11:09:26.802,2025-11-12 11:39:28.097,LONG,25975.0,25979.9,3.900000000001455,1755.0000000006548,TIME,-177525.00000004232,59939.99999999214,-237465.00000003446
2025-11-12,2025-11-12 11:45:08.851,2025-11-12 12:15:08.854,LONG,25978.2,25975.0,-4.200000000000728,-1890.0000000003274,TIME,-179415.00000004264,59939.99999999214,-239355.00000003478
2025-11-12,2025-11-12 12:27:13.370,2025-11-12 12:57:14.049,LONG,25985.0,26001.3,15.299999999999272,6884.999999999673,TIME,-172530.00000004296,59939.99999999214,-232470.0000000351
2025-11-12,2025-11-12 13:03:42.730,2025-11-12 13:32:19.798,LONG,26010.0,25990.0,-21.0,-9450.0,SL,-181980.00000004296,59939.99999999214,-241920.0000000351
2025-11-12,2025-11-12 13:39:54.212,2025-11-12 14:09:54.253,SHORT,26011.5,25980.7,29.799999999999272,13409.999999999673,TIME,-168570.00000004328,59939.99999999214,-228510.00000003542
2025-11-12,2025-11-12 14:15:39.245,2025-11-12 14:45:39.743,LONG,25981.0,25988.6,6.599999999998545,2969.999999999345,TIME,-165600.00000004395,59939.99999999214,-225540.0000000361
2025-11-12,2025-11-12 14:51:41.139,2025-11-12 15:21:41.455,LONG,25988.4,25979.2,-10.200000000000728,-4590.000000000327,TIME,-170190.00000004427,59939.99999999214,-230130.0000000364
2025-11-13,2025-11-13 09:16:04.829,2025-11-13 09:22:38.525,LONG,25929.9,25906.3,-24.600000000002183,-11070.000000000982,SL,-181260.00000004526,59939.99999999214,-241200.0000000374
2025-11-13,2025-11-13 09:28:05.985,2025-11-13 09:35:18.896,LONG,25960.0,25940.0,-21.0,-9450.0,SL,-190710.00000004526,59939.99999999214,-250650.0000000374
2025-11-13,2025-11-13 09:42:45.611,2025-11-13 10:08:31.978,LONG,25930.0,25991.8,60.79999999999927,27359.999999999673,TP,-163350.00000004558,59939.99999999214,-223290.00000003772
2025-11-13,2025-11-13 10:14:35.603,2025-11-13 10:44:35.678,LONG,25986.0,26009.5,22.5,10125.0,TIME,-153225.00000004558,59939.99999999214,-213165.00000003772
2025-11-13,2025-11-13 10:50:30.246,2025-11-13 11:20:31.081,LONG,26035.0,26049.5,13.5,6075.0,TIME,-147150.00000004558,59939.99999999214,-207090.00000003772
2025-11-13,2025-11-13 11:26:15.504,2025-11-13 11:56:17.769,LONG,26059.0,26056.0,-4.0,-1800.0,TIME,-148950.00000004558,59939.99999999214,-208890.00000003772
2025-11-13,2025-11-13 12:02:24.585,2025-11-13 12:32:25.207,LONG,26061.1,26060.5,-1.5999999999985448,-719.9999999993452,TIME,-149670.00000004494,59939.99999999214,-209610.00000003708
2025-11-13,2025-11-13 12:38:10.695,2025-11-13 13:00:56.313,SHORT,26032.4,26053.0,-21.599999999998545,-9719.999999999345,SL,-159390.0000000443,59939.99999999214,-219330.00000003644
2025-11-13,2025-11-13 13:06:55.441,2025-11-13 13:36:55.514,LONG,26062.9,26075.0,11.099999999998545,4994.999999999345,TIME,-154395.00000004494,59939.99999999214,-214335.00000003708
2025-11-13,2025-11-13 13:42:34.327,2025-11-13 13:59:07.105,SHORT,26090.7,26030.0,59.70000000000073,26865.000000000327,TP,-127530.00000004462,59939.99999999214,-187470.00000003676
2025-11-13,2025-11-13 14:05:21.444,2025-11-13 14:08:49.942,LONG,25984.9,25961.8,-24.100000000002183,-10845.000000000982,SL,-138375.0000000456,59939.99999999214,-198315.00000003775
2025-11-13,2025-11-13 14:14:19.649,2025-11-13 14:44:19.850,LONG,25946.3,25994.8,47.5,21375.0,TIME,-117000.0000000456,59939.99999999214,-176940.00000003775
2025-11-13,2025-11-13 14:51:05.453,2025-11-13 14:53:39.674,LONG,25982.0,25962.0,-21.0,-9450.0,SL,-126450.0000000456,59939.99999999214,-186390.00000003775
2025-11-13,2025-11-13 14:59:39.844,2025-11-13 15:01:50.783,LONG,25955.9,25935.0,-21.900000000001455,-9855.000000000655,SL,-136305.00000004628,59939.99999999214,-196245.00000003842
2025-11-17,2025-11-17 09:15:30.624,2025-11-17 09:16:18.710,LONG,26003.5,25983.4,-21.099999999998545,-9494.999999999345,SL,-145800.00000004563,59939.99999999214,-205740.00000003778
2025-11-17,2025-11-17 09:21:52.967,2025-11-17 09:24:50.525,LONG,26024.1,26001.2,-23.899999999997817,-10754.999999999018,SL,-156555.00000004465,59939.99999999214,-216495.0000000368
2025-11-17,2025-11-17 09:30:59.369,2025-11-17 10:00:59.686,SHORT,26045.1,26037.0,7.099999999998545,3194.999999999345,TIME,-153360.0000000453,59939.99999999214,-213300.00000003743
2025-11-17,2025-11-17 10:07:49.656,2025-11-17 10:28:15.046,LONG,26024.0,26001.2,-23.799999999999272,-10709.999999999673,SL,-164070.00000004497,59939.99999999214,-224010.0000000371
2025-11-17,2025-11-17 10:34:50.172,2025-11-17 10:39:10.183,LONG,26020.0,26000.0,-21.0,-9450.0,SL,-173520.00000004497,59939.99999999214,-233460.0000000371
2025-11-17,2025-11-17 10:44:52.187,2025-11-17 11:14:52.699,LONG,26010.0,26023.9,12.900000000001455,5805.000000000655,TIME,-167715.0000000443,59939.99999999214,-227655.00000003644
2025-11-17,2025-11-17 11:20:56.986,2025-11-17 11:28:06.716,LONG,26010.0,25988.6,-22.400000000001455,-10080.000000000655,SL,-177795.00000004494,59939.99999999214,-237735.00000003708
2025-11-17,2025-11-17 11:34:56.121,2025-11-17 12:04:57.558,LONG,26000.0,26031.0,30.0,13500.0,TIME,-164295.00000004494,59939.99999999214,-224235.00000003708
2025-11-17,2025-11-17 12:10:49.714,2025-11-17 12:40:50.537,SHORT,26044.6,26055.0,-11.400000000001455,-5130.000000000655,TIME,-169425.00000004558,59939.99999999214,-229365.00000003772
2025-11-17,2025-11-17 12:46:42.080,2025-11-17 13:16:42.322,LONG,26055.0,26044.1,-11.900000000001455,-5355.000000000655,TIME,-174780.00000004622,59939.99999999214,-234720.00000003836
2025-11-17,2025-11-17 13:24:44.073,2025-11-17 13:54:44.591,LONG,26040.0,26060.0,19.0,8550.0,TIME,-166230.00000004622,59939.99999999214,-226170.00000003836
2025-11-17,2025-11-17 14:01:02.361,2025-11-17 14:31:02.620,LONG,26064.0,26058.0,-7.0,-3150.0,TIME,-169380.00000004622,59939.99999999214,-229320.00000003836
2025-11-17,2025-11-17 14:38:59.890,2025-11-17 15:09:00.128,LONG,26057.9,26057.2,-1.7000000000007276,-765.0000000003274,TIME,-170145.00000004654,59939.99999999214,-230085.00000003868
2025-11-18,2025-11-18 09:16:13.305,2025-11-18 09:46:13.493,LONG,25969.3,25982.1,11.799999999999272,5309.999999999673,TIME,-164835.00000004686,59939.99999999214,-224775.000000039
2025-11-18,2025-11-18 09:51:47.194,2025-11-18 09:59:58.810,LONG,25944.0,25923.9,-21.099999999998545,-9494.999999999345,SL,-174330.00000004622,59939.99999999214,-234270.00000003836
2025-11-18,2025-11-18 10:05:27.505,2025-11-18 10:35:27.771,SHORT,25941.9,25918.2,22.700000000000728,10215.000000000327,TIME,-164115.0000000459,59939.99999999214,-224055.00000003804
2025-11-18,2025-11-18 10:41:04.208,2025-11-18 11:11:04.733,LONG,25935.0,25969.0,33.0,14850.0,TIME,-149265.0000000459,59939.99999999214,-209205.00000003804
2025-11-18,2025-11-18 11:16:37.297,2025-11-18 11:30:01.062,LONG,25975.0,25952.7,-23.299999999999272,-10484.999999999673,SL,-159750.00000004558,59939.99999999214,-219690.00000003772
2025-11-18,2025-11-18 11:37:18.032,2025-11-18 12:07:18.554,LONG,25975.0,26000.5,24.5,11025.0,TIME,-148725.00000004558,59939.99999999214,-208665.00000003772
2025-11-18,2025-11-18 12:15:06.590,2025-11-18 12:22:52.308,LONG,25999.3,25979.3,-21.0,-9450.0,SL,-158175.00000004558,59939.99999999214,-218115.00000003772
2025-11-18,2025-11-18 12:30:09.049,2025-11-18 12:36:03.572,LONG,25990.0,25967.5,-23.5,-10575.0,SL,-168750.00000004558,59939.99999999214,-228690.00000003772
2025-11-18,2025-11-18 12:42:14.294,2025-11-18 13:12:15.167,LONG,25972.0,25998.4,25.400000000001455,11430.000000000655,TIME,-157320.00000004494,59939.99999999214,-217260.00000003708
2025-11-18,2025-11-18 13:19:53.863,2025-11-18 13:49:54.129,LONG,26004.9,26003.0,-2.900000000001455,-1305.0000000006548,TIME,-158625.00000004558,59939.99999999214,-218565.00000003772
2025-11-18,2025-11-18 13:57:26.101,2025-11-18 14:27:26.394,LONG,26004.0,26013.3,8.299999999999272,3734.9999999996726,TIME,-154890.0000000459,59939.99999999214,-214830.00000003804
2025-11-18,2025-11-18 14:33:59.648,2025-11-18 15:00:56.917,LONG,25990.6,25970.0,-21.599999999998545,-9719.999999999345,SL,-164610.00000004523,59939.99999999214,-224550.00000003737
2025-11-18,2025-11-18 15:06:50.407,2025-11-18 15:22:31.899,LONG,25957.0,25937.0,-21.0,-9450.0,SL,-174060.00000004523,59939.99999999214,-234000.00000003737
2025-11-19,2025-11-19 09:16:35.139,2025-11-19 09:29:03.857,SHORT,25931.0,25951.6,-21.599999999998545,-9719.999999999345,SL,-183780.0000000446,59939.99999999214,-243720.00000003673
2025-11-19,2025-11-19 09:34:29.826,2025-11-19 10:04:29.833,LONG,25924.9,25952.7,26.799999999999272,12059.999999999673,TIME,-171720.0000000449,59939.99999999214,-231660.00000003705
2025-11-19,2025-11-19 10:10:09.367,2025-11-19 10:40:10.136,LONG,25960.0,25990.0,29.0,13050.0,TIME,-158670.0000000449,59939.99999999214,-218610.00000003705
2025-11-19,2025-11-19 10:46:54.390,2025-11-19 10:48:58.136,LONG,25985.0,25963.9,-22.099999999998545,-9944.999999999345,SL,-168615.00000004424,59939.99999999214,-228555.00000003638
2025-11-19,2025-11-19 10:55:22.648,2025-11-19 11:00:24.937,LONG,25990.0,25970.0,-21.0,-9450.0,SL,-178065.00000004424,59939.99999999214,-238005.00000003638
2025-11-19,2025-11-19 11:05:59.166,2025-11-19 11:10:46.408,LONG,25972.0,25951.3,-21.700000000000728,-9765.000000000327,SL,-187830.00000004456,59939.99999999214,-247770.0000000367
2025-11-19,2025-11-19 11:16:28.401,2025-11-19 11:42:39.436,LONG,25936.1,25997.2,60.10000000000218,27045.000000000982,TP,-160785.00000004357,59939.99999999214,-220725.0000000357
2025-11-19,2025-11-19 11:48:20.943,2025-11-19 12:18:21.214,LONG,26000.0,26035.0,34.0,15300.0,TIME,-145485.00000004357,59939.99999999214,-205425.0000000357
2025-11-19,2025-11-19 12:26:03.493,2025-11-19 12:56:04.706,LONG,26046.0,26048.0,1.0,450.0,TIME,-145035.00000004357,59939.99999999214,-204975.0000000357
2025-11-19,2025-11-19 13:02:29.515,2025-11-19 13:32:30.007,LONG,26046.0,26041.3,-5.700000000000728,-2565.0000000003274,TIME,-147600.0000000439,59939.99999999214,-207540.00000003603
2025-11-19,2025-11-19 13:38:39.471,2025-11-19 14:08:39.795,LONG,26034.7,26050.4,14.700000000000728,6615.000000000327,TIME,-140985.00000004357,59939.99999999214,-200925.0000000357
2025-11-19,2025-11-19 14:14:51.508,2025-11-19 14:44:51.594,LONG,26065.0,26080.0,14.0,6300.0,TIME,-134685.00000004357,59939.99999999214,-194625.0000000357
2025-11-19,2025-11-19 14:51:03.573,2025-11-19 15:21:03.641,LONG,26080.0,26070.9,-10.099999999998545,-4544.999999999345,TIME,-139230.0000000429,59939.99999999214,-199170.00000003504
2025-11-19,2025-11-19 15:26:38.112,2025-11-19 15:30:00.084,SHORT,26068.5,26078.0,-10.5,-4725.0,EOD,-143955.0000000429,59939.99999999214,-203895.00000003504
2025-11-20,2025-11-20 09:15:27.208,2025-11-20 09:44:35.145,SHORT,26135.5,26075.0,59.5,26775.0,TP,-117180.0000000429,59939.99999999214,-177120.00000003504
2025-11-20,2025-11-20 09:50:27.680,2025-11-20 10:20:27.706,LONG,26105.0,26125.4,19.400000000001455,8730.000000000655,TIME,-108450.00000004224,59939.99999999214,-168390.0000000344
2025-11-20,2025-11-20 10:26:21.816,2025-11-20 10:41:00.497,SHORT,26132.0,26152.0,-21.0,-9450.0,SL,-117900.00000004224,59939.99999999214,-177840.0000000344
2025-11-20,2025-11-20 10:46:46.477,2025-11-20 11:16:46.520,LONG,26154.0,26150.0,-5.0,-2250.0,TIME,-120150.00000004224,59939.99999999214,-180090.0000000344
2025-11-20,2025-11-20 11:22:39.827,2025-11-20 11:52:40.306,LONG,26145.3,26152.6,6.299999999999272,2834.9999999996726,TIME,-117315.00000004258,59939.99999999214,-177255.00000003472
2025-11-20,2025-11-20 11:59:43.045,2025-11-20 12:29:43.069,LONG,26162.5,26181.1,17.599999999998545,7919.999999999345,TIME,-109395.00000004323,59939.99999999214,-169335.0000000354
2025-11-20,2025-11-20 12:35:43.318,2025-11-20 13:05:46.173,LONG,26187.0,26193.2,5.200000000000728,2340.0000000003274,TIME,-107055.0000000429,59939.99999999214,-166995.00000003504
2025-11-20,2025-11-20 13:11:16.403,2025-11-20 13:41:16.607,LONG,26187.0,26232.9,44.900000000001455,20205.000000000655,TIME,-86850.00000004224,59939.99999999214,-146790.0000000344
2025-11-20,2025-11-20 13:46:55.393,2025-11-20 13:54:07.409,SHORT,26240.1,26260.4,-21.30000000000291,-9585.00000000131,SL,-96435.00000004355,59939.99999999214,-156375.00000003568
2025-11-20,2025-11-20 14:00:16.373,2025-11-20 14:29:43.699,LONG,26250.0,26230.0,-21.0,-9450.0,SL,-105885.00000004355,59939.99999999214,-165825.00000003568
2025-11-20,2025-11-20 14:35:29.457,2025-11-20 15:01:51.470,LONG,26229.9,26209.8,-21.100000000002183,-9495.000000000982,SL,-115380.00000004453,59939.99999999214,-175320.00000003667
2025-11-21,2025-11-21 09:15:34.012,2025-11-21 09:45:33.237,LONG,26140.0,26117.6,-23.400000000001455,-10530.000000000655,SL,-125910.00000004518,59939.99999999214,-185850.0000000373
2025-11-21,2025-11-21 09:51:04.329,2025-11-21 09:55:33.236,LONG,26134.8,26112.8,-23.0,-10350.0,SL,-136260.00000004517,59939.99999999214,-196200.0000000373
2025-11-21,2025-11-21 10:01:05.308,2025-11-21 10:03:04.590,LONG,26136.9,26116.0,-21.900000000001455,-9855.000000000655,SL,-146115.0000000458,59939.99999999214,-206055.00000003795
2025-11-21,2025-11-21 10:08:33.596,2025-11-21 10:38:33.926,SHORT,26110.0,26092.0,17.0,7650.0,TIME,-138465.0000000458,59939.99999999214,-198405.00000003795
2025-11-21,2025-11-21 10:45:39.592,2025-11-21 10:59:06.650,SHORT,26087.1,26107.8,-21.700000000000728,-9765.000000000327,SL,-148230.00000004613,59939.99999999214,-208170.00000003827
2025-11-21,2025-11-21 11:04:37.396,2025-11-21 11:06:38.538,LONG,26105.0,26081.0,-25.0,-11250.0,SL,-159480.00000004613,59939.99999999214,-219420.00000003827
2025-11-21,2025-11-21 11:13:05.718,2025-11-21 11:43:06.444,SHORT,26115.1,26101.1,13.0,5850.0,TIME,-153630.00000004613,59939.99999999214,-213570.00000003827
2025-11-21,2025-11-21 11:49:01.435,2025-11-21 12:04:34.217,SHORT,26104.9,26125.8,-21.899999999997817,-9854.999999999018,SL,-163485.00000004514,59939.99999999214,-223425.00000003728
2025-11-21,2025-11-21 12:10:02.417,2025-11-21 12:40:02.479,LONG,26125.0,26154.7,28.700000000000728,12915.000000000327,TIME,-150570.00000004482,59939.99999999214,-210510.00000003696
2025-11-21,2025-11-21 12:46:28.452,2025-11-21 13:15:21.750,LONG,26163.0,26142.7,-21.299999999999272,-9584.999999999673,SL,-160155.0000000445,59939.99999999214,-220095.00000003664
2025-11-21,2025-11-21 13:22:07.224,2025-11-21 13:52:07.481,LONG,26119.7,26118.3,-2.400000000001455,-1080.0000000006548,TIME,-161235.00000004517,59939.99999999214,-221175.0000000373
2025-11-21,2025-11-21 13:58:06.013,2025-11-21 14:10:00.804,SHORT,26141.7,26161.8,-21.099999999998545,-9494.999999999345,SL,-170730.00000004453,59939.99999999214,-230670.00000003667
2025-11-21,2025-11-21 14:15:31.529,2025-11-21 14:45:32.312,SHORT,26165.0,26138.9,25.099999999998545,11294.999999999345,TIME,-159435.00000004517,59939.99999999214,-219375.0000000373
2025-11-21,2025-11-21 14:51:04.351,2025-11-21 14:55:05.344,LONG,26112.0,26091.0,-22.0,-9900.0,SL,-169335.00000004517,59939.99999999214,-229275.0000000373
2025-11-24,2025-11-24 09:15:32.448,2025-11-24 09:34:30.934,LONG,26130.5,26110.0,-21.5,-9675.0,SL,-179010.00000004517,59939.99999999214,-238950.0000000373
2025-11-24,2025-11-24 09:40:15.902,2025-11-24 09:45:52.141,LONG,26105.9,26085.5,-21.400000000001455,-9630.000000000655,SL,-188640.0000000458,59939.99999999214,-248580.00000003795
2025-11-24,2025-11-24 09:51:38.649,2025-11-24 09:54:53.911,LONG,26128.9,26106.0,-23.900000000001455,-10755.000000000655,SL,-199395.00000004645,59939.99999999214,-259335.0000000386
2025-11-24,2025-11-24 10:01:33.656,2025-11-24 10:31:33.671,LONG,26117.1,26145.0,26.900000000001455,12105.000000000655,TIME,-187290.0000000458,59939.99999999214,-247230.00000003795
2025-11-24,2025-11-24 10:38:15.415,2025-11-24 10:53:39.447,LONG,26163.0,26143.0,-21.0,-9450.0,SL,-196740.0000000458,59939.99999999214,-256680.00000003795
2025-11-24,2025-11-24 10:59:10.768,2025-11-24 11:02:28.972,LONG,26135.0,26115.0,-21.0,-9450.0,SL,-206190.0000000458,59939.99999999214,-266130.00000003795
2025-11-24,2025-11-24 11:08:03.477,2025-11-24 11:38:04.006,LONG,26125.0,26148.0,22.0,9900.0,TIME,-196290.0000000458,59939.99999999214,-256230.00000003795
2025-11-24,2025-11-24 11:44:40.247,2025-11-24 11:50:32.279,LONG,26136.4,26115.3,-22.100000000002183,-9945.000000000982,SL,-206235.0000000468,59939.99999999214,-266175.00000003894
2025-11-24,2025-11-24 11:56:16.472,2025-11-24 11:57:24.320,LONG,26104.0,26083.2,-21.799999999999272,-9809.999999999673,SL,-216045.00000004648,59939.99999999214,-275985.00000003865
2025-11-24,2025-11-24 12:03:23.008,2025-11-24 12:11:02.497,LONG,26109.0,26086.4,-23.599999999998545,-10619.999999999345,SL,-226665.0000000458,59939.99999999214,-286605.00000003795
2025-11-24,2025-11-24 12:19:22.261,2025-11-24 12:25:17.085,LONG,26102.0,26082.0,-21.0,-9450.0,SL,-236115.0000000458,59939.99999999214,-296055.00000003795
2025-11-24,2025-11-24 12:33:32.341,2025-11-24 13:03:32.610,LONG,26091.0,26096.6,4.599999999998545,2069.999999999345,TIME,-234045.00000004645,59939.99999999214,-293985.0000000386
2025-11-24,2025-11-24 13:09:20.561,2025-11-24 13:39:21.362,LONG,26107.0,26090.0,-18.0,-8100.0,TIME,-242145.00000004645,59939.99999999214,-302085.0000000386
2025-11-24,2025-11-24 13:46:00.874,2025-11-24 14:16:01.154,SHORT,26106.1,26062.4,42.69999999999709,19214.99999999869,TIME,-222930.00000004776,59939.99999999214,-282870.00000003993
2025-11-24,2025-11-24 14:21:37.098,2025-11-24 14:51:37.143,SHORT,26044.3,26049.0,-5.700000000000728,-2565.0000000003274,TIME,-225495.00000004808,59939.99999999214,-285435.0000000402
2025-11-24,2025-11-24 14:57:18.141,2025-11-24 15:05:07.708,SHORT,26047.3,25985.0,61.29999999999927,27584.999999999673,TP,-197910.0000000484,59939.99999999214,-257850.00000004054
2025-11-25,2025-11-25 12:39:30.258,2025-11-25 13:09:30.519,LONG,25969.2,26002.3,32.099999999998545,14444.999999999345,TIME,-183465.00000004907,59939.99999999214,-243405.0000000412
2025-11-25,2025-11-25 13:16:14.282,2025-11-25 13:46:15.317,LONG,25998.3,25994.2,-5.099999999998545,-2294.999999999345,TIME,-185760.00000004843,59939.99999999214,-245700.00000004057
2025-11-25,2025-11-25 13:54:21.325,2025-11-25 14:24:21.416,LONG,26000.0,25990.9,-10.099999999998545,-4544.999999999345,TIME,-190305.0000000478,59939.99999999214,-250245.00000003993
2025-11-25,2025-11-25 14:30:29.666,2025-11-25 14:55:45.896,SHORT,25963.8,25903.6,59.20000000000073,26640.000000000327,TP,-163665.00000004747,59939.99999999214,-223605.0000000396
