Entry_Time,Type,Net_Pts,PnL_INR,Reason
2025-09-01 09:16:58.231,LONG,-11.0,-4950.0,STOP
2025-09-01 09:33:49.006,LONG,-11.0,-4950.0,STOP
2025-09-01 09:56:40.875,SHORT,-12.0,-5400.0,STOP
2025-09-01 10:44:49.788,LONG,10.0,4500.0,TIME
2025-09-01 11:32:41.030,SHORT,19.400000000001455,8730.000000000655,TARGET
2025-09-01 12:27:59.597,LONG,-4.400000000001455,-1980.0000000006548,TIME
2025-09-01 13:25:51.616,SHORT,-12.0,-5400.0,STOP
2025-09-01 14:42:46.168,SHORT,-11.400000000001455,-5130.000000000655,STOP
2025-09-01 15:03:12.003,SHORT,-11.600000000002183,-5220.000000000982,STOP
2025-09-02 09:17:32.291,SHORT,20.099999999998545,9044.999999999345,TARGET
2025-09-02 09:42:06.568,SHORT,-11.0,-4950.0,STOP
2025-09-02 10:02:31.891,LONG,-11.100000000002183,-4995.000000000982,STOP
2025-09-02 10:33:35.620,SHORT,-14.799999999999272,-6659.999999999673,STOP
2025-09-02 12:34:27.468,LONG,-11.0,-4950.0,STOP
2025-09-02 13:18:22.241,SHORT,19.0,8550.0,TARGET
2025-09-02 13:43:42.511,SHORT,-11.299999999999272,-5084.999999999673,STOP
2025-09-02 14:00:54.688,SHORT,-12.19999999999709,-5489.99999999869,STOP
2025-09-02 14:20:12.298,LONG,-11.099999999998545,-4994.999999999345,STOP
2025-09-02 14:40:42.999,LONG,-11.0,-4950.0,STOP
2025-09-02 15:08:17.806,LONG,-11.0,-4950.0,STOP
2025-09-03 09:25:55.267,LONG,19.0,8550.0,TARGET
2025-09-03 09:47:13.284,LONG,21.5,9675.0,TARGET
2025-09-03 10:23:12.286,LONG,-11.0,-4950.0,STOP
2025-09-03 10:58:14.237,LONG,-11.400000000001455,-5130.000000000655,STOP
2025-09-03 11:23:36.088,SHORT,-11.799999999999272,-5309.999999999673,STOP
2025-09-03 12:21:53.514,LONG,-11.0,-4950.0,STOP
2025-09-03 12:44:52.547,SHORT,-12.0,-5400.0,STOP
2025-09-03 13:22:27.769,LONG,-16.700000000000728,-7515.000000000327,STOP
2025-09-03 14:09:11.064,LONG,-11.200000000000728,-5040.000000000327,STOP
2025-09-04 09:16:21.056,LONG,-12.299999999999272,-5534.999999999673,STOP
2025-09-04 09:36:05.638,SHORT,19.0,8550.0,TARGET
2025-09-04 10:10:39.196,SHORT,-11.200000000000728,-5040.000000000327,STOP
2025-09-04 10:27:08.538,SHORT,19.0,8550.0,TARGET
2025-09-04 10:50:15.668,LONG,-11.400000000001455,-5130.000000000655,STOP
2025-09-04 11:24:06.711,SHORT,-11.799999999999272,-5309.999999999673,STOP
2025-09-04 11:52:58.674,SHORT,-11.0,-4950.0,STOP
2025-09-04 12:19:17.271,SHORT,19.099999999998545,8594.999999999345,TARGET
2025-09-04 12:44:49.442,LONG,22.0,9900.0,TARGET
2025-09-04 13:44:29.164,SHORT,-11.0,-4950.0,STOP
2025-09-04 14:17:46.850,LONG,-11.0,-4950.0,STOP
2025-09-04 14:55:49.133,LONG,-11.0,-4950.0,STOP
2025-09-04 15:18:03.660,LONG,21.0,9450.0,TARGET
2025-09-05 09:16:06.547,LONG,-11.0,-4950.0,STOP
2025-09-05 09:35:39.919,SHORT,19.200000000000728,8640.000000000327,TARGET
2025-09-05 10:00:11.402,LONG,-11.80000000000291,-5310.00000000131,STOP
2025-09-05 10:16:09.398,LONG,-11.0,-4950.0,STOP
2025-09-05 10:39:17.732,LONG,-11.5,-5175.0,STOP
2025-09-05 11:11:51.982,LONG,-11.299999999999272,-5084.999999999673,STOP
2025-09-05 11:51:09.712,LONG,-11.0,-4950.0,STOP
2025-09-05 12:21:05.470,LONG,-11.599999999998545,-5219.999999999345,STOP
2025-09-05 13:00:56.736,LONG,-11.0,-4950.0,STOP
2025-09-05 13:20:56.782,SHORT,-11.099999999998545,-4994.999999999345,STOP
2025-09-05 13:38:01.022,LONG,19.400000000001455,8730.000000000655,TARGET
2025-09-05 14:03:19.961,SHORT,20.700000000000728,9315.000000000327,TARGET
2025-09-05 14:31:05.809,LONG,-11.0,-4950.0,STOP
2025-09-05 15:00:17.593,SHORT,-11.0,-4950.0,STOP
2025-09-08 09:15:42.357,LONG,-12.299999999999272,-5534.999999999673,STOP
2025-09-08 09:34:51.364,LONG,-12.099999999998545,-5444.999999999345,STOP
2025-09-08 10:13:23.385,SHORT,20.0,9000.0,TARGET
2025-09-08 10:38:22.865,LONG,20.900000000001455,9405.000000000655,TARGET
2025-09-08 11:26:53.943,LONG,22.599999999998545,10169.999999999345,TARGET
2025-09-08 12:05:08.687,LONG,-16.900000000001455,-7605.000000000655,STOP
2025-09-08 12:37:20.767,LONG,6.200000000000728,2790.0000000003274,TIME
2025-09-08 14:09:00.564,LONG,19.0,8550.0,TARGET
2025-09-08 14:32:48.016,LONG,-11.0,-4950.0,STOP
2025-09-08 15:02:35.308,SHORT,-11.700000000000728,-5265.000000000327,STOP
2025-09-09 09:25:05.709,SHORT,-11.0,-4950.0,STOP
2025-09-09 10:03:16.496,SHORT,-11.0,-4950.0,STOP
2025-09-09 10:39:33.671,SHORT,-11.0,-4950.0,STOP
2025-09-09 14:03:51.066,LONG,-12.900000000001455,-5805.000000000655,STOP
2025-09-10 09:16:08.425,LONG,-12.099999999998545,-5444.999999999345,STOP
2025-09-10 09:43:33.775,LONG,-11.0,-4950.0,STOP
2025-09-10 10:32:25.905,LONG,-11.400000000001455,-5130.000000000655,STOP
2025-09-10 11:21:20.005,SHORT,-11.80000000000291,-5310.00000000131,STOP
2025-09-10 12:11:04.721,LONG,-13.5,-6075.0,STOP
2025-09-10 13:16:45.538,SHORT,-11.0,-4950.0,STOP
2025-09-10 13:57:41.498,LONG,-11.0,-4950.0,STOP
2025-09-10 14:22:59.766,SHORT,-11.0,-4950.0,STOP
2025-09-10 14:42:14.735,SHORT,-11.200000000000728,-5040.000000000327,STOP
2025-09-11 09:16:06.860,SHORT,-12.900000000001455,-5805.000000000655,STOP
2025-09-11 09:43:11.830,LONG,-11.0,-4950.0,STOP
2025-09-11 10:03:20.616,SHORT,-11.700000000000728,-5265.000000000327,STOP
2025-09-11 11:46:24.699,LONG,-11.0,-4950.0,STOP
2025-09-11 13:54:39.065,SHORT,-11.0,-4950.0,STOP
2025-09-12 09:18:47.742,SHORT,-7.099999999998545,-3194.999999999345,TIME
2025-09-12 11:07:33.034,LONG,19.0,8550.0,TARGET
2025-09-12 12:05:24.825,SHORT,-11.799999999999272,-5309.999999999673,STOP
2025-09-12 13:56:27.899,LONG,-11.0,-4950.0,STOP
2025-09-18 09:18:55.289,SHORT,-12.700000000000728,-5715.000000000327,STOP
2025-09-18 09:43:07.162,LONG,-12.0,-5400.0,STOP
2025-09-18 10:10:25.056,SHORT,-11.400000000001455,-5130.000000000655,STOP
2025-09-18 12:26:49.242,SHORT,-12.799999999999272,-5759.999999999673,STOP
2025-09-18 12:43:41.965,SHORT,-11.0,-4950.0,STOP
2025-09-18 13:01:46.695,SHORT,-11.700000000000728,-5265.000000000327,STOP
2025-09-18 13:51:55.070,SHORT,5.900000000001455,2655.000000000655,TIME
2025-09-18 14:45:27.949,LONG,19.0,8550.0,TARGET
2025-09-22 09:18:52.706,LONG,19.0,8550.0,TARGET
2025-09-22 09:40:55.221,SHORT,-11.799999999999272,-5309.999999999673,STOP
2025-09-22 10:04:49.968,LONG,-13.0,-5850.0,STOP
2025-09-22 10:42:31.241,SHORT,-11.700000000000728,-5265.000000000327,STOP
2025-09-22 11:21:50.758,SHORT,-11.0,-4950.0,STOP
2025-09-22 11:40:02.256,LONG,7.0,3150.0,TIME
2025-09-22 13:04:18.471,SHORT,-11.0,-4950.0,STOP
2025-09-22 13:28:06.585,LONG,-11.700000000000728,-5265.000000000327,STOP
2025-09-22 14:29:36.893,SHORT,19.0,8550.0,TARGET
2025-09-22 14:55:26.408,SHORT,-11.700000000000728,-5265.000000000327,STOP
2025-09-23 09:20:05.071,LONG,-11.799999999999272,-5309.999999999673,STOP
2025-09-23 09:41:30.338,SHORT,19.899999999997817,8954.999999999018,TARGET
2025-09-23 10:13:56.858,LONG,-11.0,-4950.0,STOP
2025-09-23 10:42:45.381,SHORT,-11.400000000001455,-5130.000000000655,STOP
2025-09-23 11:03:52.025,LONG,-12.099999999998545,-5444.999999999345,STOP
2025-09-23 11:25:55.651,LONG,-11.0,-4950.0,STOP
2025-09-23 12:17:40.741,SHORT,-11.0,-4950.0,STOP
2025-09-23 12:35:45.543,LONG,21.0,9450.0,TARGET
2025-09-23 13:29:05.098,LONG,22.0,9900.0,TARGET
2025-09-23 13:55:18.009,SHORT,-13.599999999998545,-6119.999999999345,STOP
2025-09-23 14:47:02.174,SHORT,-11.0,-4950.0,STOP
2025-09-23 15:15:27.499,LONG,-11.0,-4950.0,STOP
2025-09-25 09:16:22.206,LONG,20.0,9000.0,TARGET
2025-09-25 09:36:10.395,SHORT,-11.5,-5175.0,STOP
2025-09-25 09:57:26.115,LONG,-11.599999999998545,-5219.999999999345,STOP
2025-09-25 10:36:11.658,SHORT,-5.0,-2250.0,TIME
2025-09-25 11:26:50.900,SHORT,-11.099999999998545,-4994.999999999345,STOP
2025-09-25 11:51:55.477,SHORT,-11.0,-4950.0,STOP
2025-09-25 12:11:32.203,LONG,-12.100000000002183,-5445.000000000982,STOP
2025-09-25 12:45:34.895,LONG,20.900000000001455,9405.000000000655,TARGET
2025-09-25 13:32:58.599,LONG,-11.700000000000728,-5265.000000000327,STOP
2025-09-25 13:52:13.218,SHORT,19.5,8775.0,TARGET
2025-09-25 14:26:34.133,LONG,-13.400000000001455,-6030.000000000655,STOP
2025-09-25 14:53:42.875,LONG,-11.700000000000728,-5265.000000000327,STOP
2025-09-25 15:22:34.127,SHORT,-11.0,-4950.0,STOP
2025-10-03 12:10:52.642,SHORT,-11.599999999998545,-5219.999999999345,STOP
2025-10-03 12:34:31.463,SHORT,-14.700000000000728,-6615.000000000327,STOP
2025-10-03 14:36:16.501,LONG,19.0,8550.0,TARGET
2025-10-03 14:59:58.253,LONG,-12.0,-5400.0,STOP
2025-10-06 09:18:24.902,LONG,-11.0,-4950.0,STOP
2025-10-06 09:36:07.707,LONG,19.0,8550.0,TARGET
2025-10-06 09:57:55.575,LONG,20.600000000002183,9270.000000000982,TARGET
2025-10-06 11:20:32.359,LONG,19.0,8550.0,TARGET
2025-10-06 11:59:03.677,SHORT,-11.799999999999272,-5309.999999999673,STOP
2025-10-06 12:31:00.004,SHORT,-11.100000000002183,-4995.000000000982,STOP
2025-10-06 13:49:09.633,SHORT,-11.0,-4950.0,STOP
2025-10-06 14:19:09.213,SHORT,-11.5,-5175.0,STOP
2025-10-06 14:52:24.908,LONG,-11.0,-4950.0,STOP
2025-10-07 09:15:38.275,LONG,-11.30000000000291,-5085.00000000131,STOP
2025-10-07 09:31:38.278,LONG,19.099999999998545,8594.999999999345,TARGET
2025-10-07 10:14:44.740,SHORT,-11.400000000001455,-5130.000000000655,STOP
2025-10-07 10:38:12.738,LONG,-11.0,-4950.0,STOP
2025-10-07 11:04:30.789,LONG,-11.600000000002183,-5220.000000000982,STOP
2025-10-07 11:29:25.023,LONG,-11.0,-4950.0,STOP
2025-10-07 12:00:39.114,LONG,19.200000000000728,8640.000000000327,TARGET
2025-10-07 12:56:02.552,SHORT,-12.700000000000728,-5715.000000000327,STOP
2025-10-07 13:15:29.063,LONG,-13.0,-5850.0,STOP
2025-10-07 14:14:07.115,LONG,-11.0,-4950.0,STOP
2025-10-07 14:37:09.368,LONG,-11.0,-4950.0,STOP
2025-10-07 15:00:45.954,SHORT,20.200000000000728,9090.000000000327,TARGET
2025-10-08 09:16:46.639,LONG,19.0,8550.0,TARGET
2025-10-08 09:36:43.930,LONG,-11.0,-4950.0,STOP
2025-10-08 10:20:51.950,SHORT,19.0,8550.0,TARGET
2025-10-08 11:06:00.431,SHORT,19.0,8550.0,TARGET
2025-10-08 11:30:07.564,SHORT,-11.0,-4950.0,STOP
2025-10-08 11:52:04.055,LONG,-11.099999999998545,-4994.999999999345,STOP
2025-10-08 12:17:07.255,SHORT,-11.0,-4950.0,STOP
2025-10-08 12:35:49.345,LONG,19.0,8550.0,TARGET
2025-10-08 13:06:34.911,SHORT,-11.0,-4950.0,STOP
2025-10-08 13:28:29.905,SHORT,-11.0,-4950.0,STOP
2025-10-08 14:01:28.596,LONG,-11.200000000000728,-5040.000000000327,STOP
2025-10-08 14:23:28.345,SHORT,-11.0,-4950.0,STOP
2025-10-08 14:49:21.200,SHORT,-12.099999999998545,-5444.999999999345,STOP
2025-10-08 15:12:04.647,SHORT,-11.5,-5175.0,STOP
2025-10-09 09:16:09.205,SHORT,-11.19999999999709,-5039.99999999869,STOP
2025-10-09 09:36:46.033,LONG,-12.0,-5400.0,STOP
2025-10-09 10:00:43.027,SHORT,-12.0,-5400.0,STOP
2025-10-09 10:20:41.511,SHORT,-11.900000000001455,-5355.000000000655,STOP
2025-10-09 10:39:33.027,SHORT,-11.0,-4950.0,STOP
2025-10-09 11:01:06.815,LONG,19.5,8775.0,TARGET
2025-10-09 11:34:33.113,LONG,-11.299999999999272,-5084.999999999673,STOP
2025-10-09 12:02:51.096,SHORT,-13.400000000001455,-6030.000000000655,STOP
2025-10-09 12:34:24.155,LONG,-11.0,-4950.0,STOP
2025-10-09 13:33:10.571,SHORT,-11.599999999998545,-5219.999999999345,STOP
2025-10-09 14:11:00.974,LONG,-12.900000000001455,-5805.000000000655,STOP
2025-10-09 14:29:43.730,LONG,20.0,9000.0,TARGET
2025-10-09 15:03:31.020,LONG,-12.799999999999272,-5759.999999999673,STOP
2025-10-10 09:15:45.236,LONG,-12.299999999999272,-5534.999999999673,STOP
2025-10-10 09:31:47.664,LONG,-12.0,-5400.0,STOP
2025-10-10 10:03:45.729,LONG,-11.0,-4950.0,STOP
2025-10-10 10:23:11.991,SHORT,-11.0,-4950.0,STOP
2025-10-10 10:54:55.480,LONG,21.0,9450.0,TARGET
2025-10-10 11:34:13.488,SHORT,-11.700000000000728,-5265.000000000327,STOP
2025-10-10 11:52:23.880,SHORT,-11.0,-4950.0,STOP
2025-10-10 12:42:04.037,LONG,19.5,8775.0,TARGET
2025-10-10 13:15:13.330,LONG,-11.0,-4950.0,STOP
2025-10-10 13:56:27.621,LONG,-13.5,-6075.0,STOP
2025-10-10 14:19:46.143,SHORT,-11.899999999997817,-5354.999999999018,STOP
2025-10-10 14:41:41.614,LONG,-11.0,-4950.0,STOP
2025-10-13 09:15:40.008,SHORT,21.299999999999272,9584.999999999673,TARGET
2025-10-13 09:34:19.847,SHORT,-11.0,-4950.0,STOP
2025-10-13 09:55:27.993,SHORT,-14.400000000001455,-6480.000000000655,STOP
2025-10-13 10:27:28.253,LONG,19.0,8550.0,TARGET
2025-10-13 11:02:55.797,LONG,-11.799999999999272,-5309.999999999673,STOP
2025-10-13 11:46:30.057,LONG,0.0,0.0,TIME
2025-10-13 12:46:09.687,LONG,-11.0,-4950.0,STOP
2025-10-13 13:04:45.868,SHORT,-11.0,-4950.0,STOP
2025-10-13 13:31:24.937,LONG,-11.0,-4950.0,STOP
2025-10-13 14:23:44.227,LONG,19.400000000001455,8730.000000000655,TARGET
2025-10-13 14:56:02.680,SHORT,19.0,8550.0,TARGET
2025-10-14 09:17:27.945,LONG,-11.19999999999709,-5039.99999999869,STOP
2025-10-14 09:38:49.047,SHORT,19.299999999999272,8684.999999999673,TARGET
2025-10-14 10:01:30.414,SHORT,19.700000000000728,8865.000000000327,TARGET
2025-10-14 10:21:24.050,SHORT,-11.900000000001455,-5355.000000000655,STOP
2025-10-14 10:42:05.460,SHORT,-11.400000000001455,-5130.000000000655,STOP
2025-10-14 11:10:58.167,SHORT,-11.0,-4950.0,STOP
2025-10-14 11:35:23.607,LONG,-11.5,-5175.0,STOP
2025-10-14 12:05:05.811,SHORT,19.599999999998545,8819.999999999345,TARGET
2025-10-14 12:30:01.797,SHORT,-11.299999999999272,-5084.999999999673,STOP
2025-10-14 12:46:19.321,LONG,-11.600000000002183,-5220.000000000982,STOP
2025-10-14 13:26:14.351,LONG,-12.700000000000728,-5715.000000000327,STOP
2025-10-14 13:47:46.902,LONG,-15.400000000001455,-6930.000000000655,STOP
2025-10-14 14:10:21.097,SHORT,-11.200000000000728,-5040.000000000327,STOP
2025-10-14 14:33:06.315,LONG,20.0,9000.0,TARGET
2025-10-14 14:58:47.916,SHORT,-12.200000000000728,-5490.000000000327,STOP
2025-10-15 09:17:45.962,LONG,21.200000000000728,9540.000000000327,TARGET
2025-10-15 09:46:19.472,SHORT,-11.0,-4950.0,STOP
2025-10-15 10:10:27.720,LONG,19.900000000001455,8955.000000000655,TARGET
2025-10-15 10:34:26.477,LONG,-11.0,-4950.0,STOP
2025-10-15 11:03:26.289,SHORT,-11.0,-4950.0,STOP
2025-10-15 11:55:36.255,LONG,-12.099999999998545,-5444.999999999345,STOP
2025-10-15 12:26:52.060,SHORT,-11.399999999997817,-5129.999999999018,STOP
2025-10-15 12:55:01.069,LONG,19.0,8550.0,TARGET
2025-10-15 13:49:27.844,SHORT,19.0,8550.0,TARGET
2025-10-15 14:48:47.375,SHORT,-11.0,-4950.0,STOP
2025-10-16 09:17:14.705,LONG,-11.0,-4950.0,STOP
2025-10-16 09:39:59.388,SHORT,-12.299999999999272,-5534.999999999673,STOP
2025-10-16 09:59:54.038,SHORT,-11.299999999999272,-5084.999999999673,STOP
2025-10-16 10:23:06.560,SHORT,-12.099999999998545,-5444.999999999345,STOP
2025-10-16 11:30:08.608,LONG,-13.80000000000291,-6210.00000000131,STOP
2025-10-16 11:51:35.366,LONG,19.299999999999272,8684.999999999673,TARGET
2025-10-16 12:38:25.559,LONG,-11.900000000001455,-5355.000000000655,STOP
2025-10-16 13:18:08.374,SHORT,-11.0,-4950.0,STOP
2025-10-16 14:07:54.229,LONG,-11.5,-5175.0,STOP
2025-10-16 14:36:12.455,LONG,-11.0,-4950.0,STOP
2025-10-17 09:16:47.171,LONG,-11.600000000002183,-5220.000000000982,STOP
2025-10-17 09:35:10.699,LONG,-12.5,-5625.0,STOP
2025-10-17 09:52:05.501,LONG,19.400000000001455,8730.000000000655,TARGET
2025-10-17 10:13:52.643,LONG,-13.0,-5850.0,STOP
2025-10-17 10:32:15.588,SHORT,-11.700000000000728,-5265.000000000327,STOP
2025-10-17 10:51:49.184,LONG,19.0,8550.0,TARGET
2025-10-17 11:13:03.335,LONG,-12.0,-5400.0,STOP
2025-10-17 11:42:01.830,SHORT,20.5,9225.0,TARGET
2025-10-17 11:59:01.947,LONG,19.0,8550.0,TARGET
2025-10-17 12:41:30.015,SHORT,-11.0,-4950.0,STOP
2025-10-17 13:01:53.022,LONG,-11.900000000001455,-5355.000000000655,STOP
2025-10-17 13:24:36.564,SHORT,19.0,8550.0,TARGET
2025-10-17 13:50:37.820,SHORT,-13.099999999998545,-5894.999999999345,STOP
2025-10-17 14:11:21.589,LONG,-13.099999999998545,-5894.999999999345,STOP
2025-10-17 14:35:38.661,LONG,20.5,9225.0,TARGET
2025-10-17 14:54:34.414,LONG,-11.900000000001455,-5355.000000000655,STOP
2025-10-17 15:11:47.405,LONG,-11.400000000001455,-5130.000000000655,STOP
2025-10-20 09:16:24.454,SHORT,-12.599999999998545,-5669.999999999345,STOP
2025-10-20 09:35:00.409,SHORT,-11.200000000000728,-5040.000000000327,STOP
2025-10-20 09:52:38.408,SHORT,-11.299999999999272,-5084.999999999673,STOP
2025-10-20 10:16:28.419,SHORT,19.599999999998545,8819.999999999345,TARGET
2025-10-20 10:46:12.720,LONG,-11.200000000000728,-5040.000000000327,STOP
2025-10-20 11:19:06.192,SHORT,-12.0,-5400.0,STOP
2025-10-20 11:41:05.245,SHORT,-11.0,-4950.0,STOP
2025-10-20 12:17:16.518,SHORT,-13.400000000001455,-6030.000000000655,STOP
2025-10-20 13:03:07.762,LONG,-11.099999999998545,-4994.999999999345,STOP
2025-10-20 13:43:47.873,SHORT,-11.0,-4950.0,STOP
2025-10-20 14:14:56.584,LONG,-12.099999999998545,-5444.999999999345,STOP
2025-10-20 14:49:03.594,LONG,-11.0,-4950.0,STOP
2025-10-23 09:21:18.432,SHORT,-12.099999999998545,-5444.999999999345,STOP
2025-10-23 09:41:43.698,LONG,-14.700000000000728,-6615.000000000327,STOP
2025-10-23 10:05:11.429,LONG,19.0,8550.0,TARGET
2025-10-23 10:42:26.304,SHORT,-11.099999999998545,-4994.999999999345,STOP
2025-10-23 11:17:17.027,SHORT,-11.899999999997817,-5354.999999999018,STOP
2025-10-23 11:42:45.006,LONG,20.799999999999272,9359.999999999673,TARGET
2025-10-23 13:17:16.559,LONG,-11.599999999998545,-5219.999999999345,STOP
2025-10-23 13:43:36.861,LONG,-12.0,-5400.0,STOP
2025-10-23 14:01:07.421,SHORT,-12.5,-5625.0,STOP
2025-10-23 14:20:04.365,SHORT,-11.700000000000728,-5265.000000000327,STOP
2025-10-23 15:00:29.920,SHORT,20.399999999997817,9179.999999999018,TARGET
2025-10-23 15:19:42.686,LONG,-12.099999999998545,-5444.999999999345,STOP
2025-10-24 09:16:30.166,SHORT,21.0,9450.0,TARGET
2025-10-24 09:37:57.639,LONG,19.200000000000728,8640.000000000327,TARGET
2025-10-24 09:56:47.702,LONG,-12.0,-5400.0,STOP
2025-10-24 10:17:50.536,SHORT,21.200000000000728,9540.000000000327,TARGET
2025-10-24 10:40:25.769,SHORT,-12.799999999999272,-5759.999999999673,STOP
2025-10-24 11:08:59.235,LONG,-11.0,-4950.0,STOP
2025-10-24 11:36:33.501,LONG,20.0,9000.0,TARGET
2025-10-24 12:03:11.263,SHORT,-11.0,-4950.0,STOP
2025-10-24 12:23:21.028,LONG,21.700000000000728,9765.000000000327,TARGET
2025-10-24 12:43:21.601,LONG,-11.900000000001455,-5355.000000000655,STOP
2025-10-24 13:09:16.315,LONG,-11.0,-4950.0,STOP
2025-10-24 13:29:20.034,SHORT,19.099999999998545,8594.999999999345,TARGET
2025-10-24 13:50:07.362,SHORT,-11.799999999999272,-5309.999999999673,STOP
2025-10-24 14:09:32.652,SHORT,-11.299999999999272,-5084.999999999673,STOP
2025-10-24 14:27:19.110,LONG,-11.0,-4950.0,STOP
2025-10-24 14:49:42.624,LONG,-12.599999999998545,-5669.999999999345,STOP
2025-10-27 09:17:05.571,LONG,-11.299999999999272,-5084.999999999673,STOP
2025-10-27 09:39:46.043,LONG,19.0,8550.0,TARGET
2025-10-27 10:03:31.531,SHORT,-11.0,-4950.0,STOP
2025-10-27 10:27:18.802,SHORT,19.5,8775.0,TARGET
2025-10-27 10:59:34.079,LONG,19.899999999997817,8954.999999999018,TARGET
2025-10-27 11:20:57.669,LONG,-12.200000000000728,-5490.000000000327,STOP
2025-10-27 11:44:57.988,SHORT,-11.900000000001455,-5355.000000000655,STOP
2025-10-27 12:28:03.415,SHORT,19.200000000000728,8640.000000000327,TARGET
2025-10-27 12:47:05.941,LONG,-11.5,-5175.0,STOP
2025-10-27 13:09:59.001,SHORT,20.80000000000291,9360.00000000131,TARGET
2025-10-27 13:40:48.209,SHORT,-11.400000000001455,-5130.000000000655,STOP
2025-10-27 14:10:36.194,SHORT,-11.5,-5175.0,STOP
2025-10-27 14:38:56.276,SHORT,20.0,9000.0,TARGET
2025-10-27 15:03:46.161,SHORT,-11.799999999999272,-5309.999999999673,STOP
2025-10-28 09:16:19.419,SHORT,-12.200000000000728,-5490.000000000327,STOP
2025-10-28 09:32:54.763,LONG,19.099999999998545,8594.999999999345,TARGET
2025-10-28 09:53:43.142,SHORT,-11.0,-4950.0,STOP
2025-10-28 10:12:29.998,SHORT,-13.200000000000728,-5940.000000000327,STOP
2025-10-28 10:39:27.778,SHORT,-11.099999999998545,-4994.999999999345,STOP
2025-10-28 11:07:48.255,LONG,20.799999999999272,9359.999999999673,TARGET
2025-10-28 11:39:11.272,LONG,-12.5,-5625.0,STOP
2025-10-28 12:06:21.573,SHORT,-12.799999999999272,-5759.999999999673,STOP
2025-10-28 12:37:18.322,LONG,-11.599999999998545,-5219.999999999345,STOP
2025-10-28 12:57:12.033,SHORT,-11.099999999998545,-4994.999999999345,STOP
2025-10-28 13:24:38.541,LONG,20.099999999998545,9044.999999999345,TARGET
2025-10-28 13:42:50.814,SHORT,19.100000000002183,8595.000000000982,TARGET
2025-10-28 14:00:51.837,LONG,-13.400000000001455,-6030.000000000655,STOP
2025-10-28 14:25:33.151,SHORT,20.0,9000.0,TARGET
2025-10-28 14:43:38.148,LONG,-11.200000000000728,-5040.000000000327,STOP
2025-10-28 15:00:08.367,LONG,19.0,8550.0,TARGET
2025-10-31 10:30:49.854,SHORT,22.0,9900.0,TARGET
2025-10-31 11:01:00.348,SHORT,19.0,8550.0,TARGET
2025-10-31 11:20:44.361,LONG,-12.0,-5400.0,STOP
2025-10-31 11:38:23.565,SHORT,-11.0,-4950.0,STOP
2025-10-31 12:00:32.190,LONG,-11.299999999999272,-5084.999999999673,STOP
2025-10-31 12:55:19.058,LONG,-12.0,-5400.0,STOP
2025-10-31 13:22:48.371,SHORT,19.0,8550.0,TARGET
2025-10-31 13:47:43.179,SHORT,-11.5,-5175.0,STOP
2025-10-31 14:19:27.596,LONG,9.0,4050.0,TIME
2025-11-04 09:15:58.789,LONG,-11.700000000000728,-5265.000000000327,STOP
2025-11-04 09:35:14.783,SHORT,-11.0,-4950.0,STOP
2025-11-04 09:58:30.361,LONG,-11.0,-4950.0,STOP
2025-11-04 10:15:48.142,SHORT,-11.0,-4950.0,STOP
2025-11-04 10:59:27.453,LONG,-12.200000000000728,-5490.000000000327,STOP
2025-11-04 11:26:04.763,SHORT,-11.900000000001455,-5355.000000000655,STOP
2025-11-04 11:44:44.355,LONG,9.0,4050.0,TIME
2025-11-04 13:20:40.425,SHORT,-11.0,-4950.0,STOP
2025-11-04 14:03:27.967,SHORT,23.0,10350.0,TARGET
2025-11-04 14:43:30.988,SHORT,15.799999999999272,7109.999999999673,TIME
2025-11-06 09:16:46.911,LONG,-11.0,-4950.0,STOP
2025-11-06 09:34:47.963,LONG,-11.0,-4950.0,STOP
2025-11-06 09:54:53.432,LONG,-11.0,-4950.0,STOP
2025-11-06 10:12:48.205,SHORT,-12.799999999999272,-5759.999999999673,STOP
2025-11-06 10:29:13.021,SHORT,-11.0,-4950.0,STOP
2025-11-06 10:58:17.772,LONG,-11.0,-4950.0,STOP
2025-11-06 11:28:38.204,LONG,-11.0,-4950.0,STOP
2025-11-06 12:07:46.760,LONG,-11.599999999998545,-5219.999999999345,STOP
2025-11-06 12:46:48.079,LONG,22.400000000001455,10080.000000000655,TARGET
2025-11-06 13:06:31.587,SHORT,19.5,8775.0,TARGET
2025-11-06 13:34:20.810,SHORT,19.0,8550.0,TARGET
2025-11-06 13:56:11.107,LONG,-11.0,-4950.0,STOP
2025-11-06 14:29:00.336,LONG,19.400000000001455,8730.000000000655,TARGET
2025-11-06 15:11:02.523,SHORT,-11.0,-4950.0,STOP
2025-11-07 09:16:02.766,SHORT,22.799999999999272,10259.999999999673,TARGET
2025-11-07 09:39:16.027,LONG,-11.200000000000728,-5040.000000000327,STOP
2025-11-07 09:56:47.826,SHORT,-11.0,-4950.0,STOP
2025-11-07 10:20:20.053,LONG,-11.0,-4950.0,STOP
2025-11-07 10:37:49.266,LONG,-11.0,-4950.0,STOP
2025-11-07 11:14:03.687,LONG,20.900000000001455,9405.000000000655,TARGET
2025-11-07 11:46:41.402,SHORT,-11.0,-4950.0,STOP
2025-11-07 12:46:06.431,LONG,-12.099999999998545,-5444.999999999345,STOP
2025-11-07 13:22:47.873,LONG,20.0,9000.0,TARGET
2025-11-07 13:42:39.439,LONG,-12.0,-5400.0,STOP
2025-11-07 14:02:23.460,LONG,-11.19999999999709,-5039.99999999869,STOP
2025-11-07 14:23:14.900,LONG,19.0,8550.0,TARGET
2025-11-07 14:42:31.213,LONG,-11.0,-4950.0,STOP
2025-11-07 15:01:30.251,SHORT,-13.799999999999272,-6209.999999999673,STOP
2025-11-11 09:15:59.868,SHORT,21.799999999999272,9809.999999999673,TARGET
2025-11-11 09:33:26.962,SHORT,-11.900000000001455,-5355.000000000655,STOP
2025-11-11 09:56:32.266,LONG,19.400000000001455,8730.000000000655,TARGET
2025-11-11 10:22:50.113,SHORT,23.799999999999272,10709.999999999673,TARGET
2025-11-11 10:52:48.905,LONG,20.0,9000.0,TARGET
2025-11-11 11:33:04.828,SHORT,-11.299999999999272,-5084.999999999673,STOP
2025-11-11 11:58:38.802,SHORT,-11.0,-4950.0,STOP
2025-11-11 12:28:48.727,LONG,19.0,8550.0,TARGET
2025-11-11 12:53:13.468,SHORT,-12.700000000000728,-5715.000000000327,STOP
2025-11-11 13:32:18.509,LONG,24.200000000000728,10890.000000000327,TARGET
2025-11-11 13:55:48.304,SHORT,19.099999999998545,8594.999999999345,TARGET
2025-11-11 14:16:00.830,LONG,-12.0,-5400.0,STOP
2025-11-11 14:36:14.405,SHORT,19.0,8550.0,TARGET
2025-11-11 15:09:49.322,SHORT,-11.0,-4950.0,STOP
2025-11-12 09:15:49.430,SHORT,-11.400000000001455,-5130.000000000655,STOP
2025-11-12 09:34:09.235,SHORT,-11.0,-4950.0,STOP
2025-11-12 10:03:56.355,SHORT,-12.700000000000728,-5715.000000000327,STOP
2025-11-12 10:27:37.021,SHORT,-11.0,-4950.0,STOP
2025-11-12 11:35:25.716,LONG,-11.0,-4950.0,STOP
2025-11-12 11:57:18.365,LONG,-11.0,-4950.0,STOP
2025-11-12 12:41:54.579,LONG,-11.400000000001455,-5130.000000000655,STOP
2025-11-12 13:22:07.201,LONG,-11.0,-4950.0,STOP
2025-11-12 14:05:08.895,LONG,-12.5,-5625.0,STOP
2025-11-12 14:41:51.720,SHORT,-11.700000000000728,-5265.000000000327,STOP
2025-11-13 09:16:32.262,SHORT,-13.0,-5850.0,STOP
2025-11-13 09:36:49.508,SHORT,-11.099999999998545,-4994.999999999345,STOP
2025-11-13 10:01:10.464,SHORT,-12.0,-5400.0,STOP
2025-11-13 10:20:42.249,SHORT,-11.0,-4950.0,STOP
2025-11-13 10:49:33.740,LONG,19.0,8550.0,TARGET
2025-11-13 12:33:44.630,SHORT,19.5,8775.0,TARGET
2025-11-13 13:00:33.774,LONG,19.200000000000728,8640.000000000327,TARGET
2025-11-13 13:41:35.795,LONG,-11.0,-4950.0,STOP
2025-11-13 14:04:59.616,SHORT,-11.0,-4950.0,STOP
2025-11-13 14:24:53.782,LONG,-12.0,-5400.0,STOP
2025-11-13 14:59:12.219,SHORT,19.0,8550.0,TARGET
2025-11-13 15:19:29.326,SHORT,-11.299999999999272,-5084.999999999673,STOP
2025-11-17 09:16:05.662,SHORT,19.200000000000728,8640.000000000327,TARGET
2025-11-17 09:34:59.404,SHORT,-11.0,-4950.0,STOP
2025-11-17 10:02:09.952,LONG,-11.400000000001455,-5130.000000000655,STOP
2025-11-17 10:18:34.915,LONG,-11.0,-4950.0,STOP
2025-11-17 10:44:19.443,LONG,-11.0,-4950.0,STOP
2025-11-17 11:21:40.505,SHORT,-12.299999999999272,-5534.999999999673,STOP
2025-11-17 11:52:23.966,LONG,19.0,8550.0,TARGET
2025-11-17 12:48:19.803,LONG,-11.0,-4950.0,STOP
2025-11-17 13:38:35.817,SHORT,-11.099999999998545,-4994.999999999345,STOP
2025-11-17 14:04:56.574,LONG,-11.0,-4950.0,STOP
2025-11-17 14:45:22.099,LONG,-11.0,-4950.0,STOP
2025-11-18 09:16:52.018,LONG,19.0,8550.0,TARGET
2025-11-18 09:41:38.989,LONG,-14.200000000000728,-6390.000000000327,STOP
2025-11-18 09:59:58.304,SHORT,-12.0,-5400.0,STOP
2025-11-18 10:23:48.951,LONG,-11.100000000002183,-4995.000000000982,STOP
2025-11-18 10:48:55.712,LONG,19.0,8550.0,TARGET
2025-11-18 11:29:33.790,SHORT,-12.5,-5625.0,STOP
2025-11-18 11:48:25.781,SHORT,-11.0,-4950.0,STOP
2025-11-18 12:26:06.287,LONG,-11.0,-4950.0,STOP
2025-11-18 12:47:20.341,SHORT,-11.799999999999272,-5309.999999999673,STOP
2025-11-18 13:07:49.599,SHORT,-12.0,-5400.0,STOP
2025-11-18 13:40:43.091,SHORT,-11.900000000001455,-5355.000000000655,STOP
2025-11-18 14:23:05.002,LONG,-11.0,-4950.0,STOP
2025-11-18 15:00:56.917,SHORT,19.799999999999272,8909.999999999673,TARGET
2025-11-19 09:19:52.544,SHORT,-11.0,-4950.0,STOP
2025-11-19 09:37:42.172,LONG,-11.100000000002183,-4995.000000000982,STOP
2025-11-19 10:12:52.086,LONG,19.0,8550.0,TARGET
2025-11-19 10:30:09.912,LONG,-11.0,-4950.0,STOP
2025-11-19 11:08:58.159,SHORT,19.400000000001455,8730.000000000655,TARGET
2025-11-19 11:41:58.967,LONG,19.0,8550.0,TARGET
2025-11-19 12:16:24.451,SHORT,-11.099999999998545,-4994.999999999345,STOP
2025-11-19 12:48:40.986,LONG,-11.0,-4950.0,STOP
2025-11-19 13:31:02.324,LONG,-11.900000000001455,-5355.000000000655,STOP
2025-11-19 14:08:51.269,SHORT,-11.599999999998545,-5219.999999999345,STOP
2025-11-19 14:32:45.337,SHORT,-11.0,-4950.0,STOP
2025-11-19 15:05:06.696,SHORT,-11.0,-4950.0,STOP
2025-11-20 09:16:07.950,SHORT,19.0,8550.0,TARGET
2025-11-20 09:37:09.713,SHORT,21.599999999998545,9719.999999999345,TARGET
2025-11-20 10:05:25.737,LONG,19.0,8550.0,TARGET
2025-11-20 10:41:00.497,LONG,19.0,8550.0,TARGET
2025-11-20 11:15:57.553,SHORT,-11.099999999998545,-4994.999999999345,STOP
2025-11-20 11:53:03.145,SHORT,-11.0,-4950.0,STOP
2025-11-20 12:52:45.885,SHORT,-11.200000000000728,-5040.000000000327,STOP
2025-11-20 13:39:56.608,LONG,-11.299999999999272,-5084.999999999673,STOP
2025-11-20 14:27:44.684,SHORT,22.099999999998545,9944.999999999345,TARGET
2025-11-21 09:15:36.876,LONG,-11.0,-4950.0,STOP
2025-11-21 09:32:40.786,LONG,-12.100000000002183,-5445.000000000982,STOP
2025-11-21 09:55:30.980,SHORT,-15.0,-6750.0,STOP
2025-11-21 10:17:46.396,SHORT,19.299999999999272,8684.999999999673,TARGET
2025-11-21 10:46:22.442,SHORT,-12.200000000000728,-5490.000000000327,STOP
2025-11-21 11:05:57.115,SHORT,-12.900000000001455,-5805.000000000655,STOP
2025-11-21 11:51:13.430,LONG,-11.599999999998545,-5219.999999999345,STOP
2025-11-21 12:12:25.470,LONG,21.0,9450.0,TARGET
2025-11-21 12:49:07.431,LONG,19.0,8550.0,TARGET
2025-11-21 13:14:31.292,SHORT,23.900000000001455,10755.000000000655,TARGET
2025-11-21 13:35:04.802,LONG,-11.799999999999272,-5309.999999999673,STOP
2025-11-21 14:06:17.491,SHORT,-12.80000000000291,-5760.00000000131,STOP
2025-11-21 14:37:05.797,LONG,-11.599999999998545,-5219.999999999345,STOP
2025-11-21 14:55:05.344,SHORT,19.5,8775.0,TARGET
2025-11-24 09:16:07.126,SHORT,-11.0,-4950.0,STOP
2025-11-24 09:34:10.649,SHORT,21.700000000000728,9765.000000000327,TARGET
2025-11-24 10:02:31.399,LONG,19.799999999999272,8909.999999999673,TARGET
2025-11-24 11:01:45.756,SHORT,-11.0,-4950.0,STOP
2025-11-24 11:46:15.715,SHORT,20.200000000000728,9090.000000000327,TARGET
2025-11-24 12:18:20.252,LONG,-12.5,-5625.0,STOP
2025-11-24 12:46:43.030,LONG,-12.400000000001455,-5580.000000000655,STOP
2025-11-24 13:07:34.145,LONG,-11.899999999997817,-5354.999999999018,STOP
2025-11-24 14:02:13.144,SHORT,19.700000000000728,8865.000000000327,TARGET
2025-11-24 14:38:31.456,LONG,-11.0,-4950.0,STOP
2025-11-24 15:00:08.620,LONG,-11.0,-4950.0,STOP
2025-11-25 12:42:59.504,LONG,22.799999999999272,10259.999999999673,TARGET
2025-11-25 13:41:59.846,SHORT,-11.0,-4950.0,STOP
2025-11-25 14:03:43.572,LONG,-15.80000000000291,-7110.00000000131,STOP
2025-11-25 14:35:59.834,LONG,-11.0,-4950.0,STOP
2025-11-25 14:53:00.661,SHORT,19.299999999999272,8684.999999999673,TARGET
