Entry_Time,Type,Entry,Exit,Net_Pts,PnL_INR,Reason
2025-09-01 09:16:30.109,SHORT,24632.6,24640.0,-8.400000000001455,-3780.000000000655,STOP
2025-09-01 09:33:46.296,LONG,24669.8,24662.1,-8.700000000000728,-3915.0000000003274,STOP
2025-09-01 09:56:33.780,SHORT,24680.1,24687.3,-8.200000000000728,-3690.0000000003274,STOP
2025-09-01 10:23:56.484,LONG,24652.9,24668.2,14.299999999999272,6434.999999999673,TARGET
2025-09-01 10:46:02.718,LONG,24679.4,24671.0,-9.400000000001455,-4230.000000000655,STOP
2025-09-01 11:20:19.059,SHORT,24677.0,24684.0,-8.0,-3600.0,STOP
2025-09-01 11:56:25.856,LONG,24663.0,24655.1,-8.900000000001455,-4005.000000000655,STOP
2025-09-01 12:24:47.385,LONG,24698.0,24713.2,14.200000000000728,6390.000000000327,TARGET
2025-09-01 13:12:04.199,SHORT,24721.0,24728.0,-8.0,-3600.0,STOP
2025-09-01 13:41:12.931,SHORT,24726.0,24733.1,-8.099999999998545,-3644.999999999345,STOP
2025-09-01 14:16:25.380,SHORT,24736.0,24744.0,-9.0,-4050.0,STOP
2025-09-01 15:03:19.193,SHORT,24732.3,24740.0,-8.700000000000728,-3915.0000000003274,STOP
2025-09-02 09:16:38.220,LONG,24792.0,24783.2,-9.799999999999272,-4409.999999999673,STOP
2025-09-02 09:40:14.439,LONG,24807.0,24800.0,-8.0,-3600.0,STOP
2025-09-02 09:57:09.655,LONG,24838.5,24853.5,14.0,6300.0,TARGET
2025-09-02 10:21:46.927,SHORT,24843.7,24851.4,-8.700000000000728,-3915.0000000003274,STOP
2025-09-02 10:48:30.165,LONG,24853.0,24845.4,-8.599999999998545,-3869.999999999345,STOP
2025-09-02 11:22:48.179,SHORT,24836.0,24843.0,-8.0,-3600.0,STOP
2025-09-02 12:34:24.943,LONG,24867.0,24860.0,-8.0,-3600.0,STOP
2025-09-02 13:18:14.026,SHORT,24834.0,24818.0,15.0,6750.0,TARGET
2025-09-02 13:42:41.283,SHORT,24770.0,24777.3,-8.299999999999272,-3734.9999999996726,STOP
2025-09-02 14:00:03.513,SHORT,24701.0,24709.1,-9.099999999998545,-4094.999999999345,STOP
2025-09-02 14:18:56.524,SHORT,24685.0,24692.6,-8.599999999998545,-3869.999999999345,STOP
2025-09-02 14:36:38.929,LONG,24693.0,24708.0,14.0,6300.0,TARGET
2025-09-02 14:56:59.818,LONG,24708.0,24698.2,-10.799999999999272,-4859.999999999673,STOP
2025-09-03 09:25:18.635,SHORT,24660.0,24668.9,-9.900000000001455,-4455.000000000655,STOP
2025-09-03 09:45:41.287,LONG,24672.1,24665.1,-8.0,-3600.0,STOP
2025-09-03 10:04:49.782,LONG,24711.0,24704.0,-8.0,-3600.0,STOP
2025-09-03 10:22:49.740,LONG,24697.2,24690.0,-8.200000000000728,-3690.0000000003274,STOP
2025-09-03 10:52:48.456,LONG,24672.0,24665.0,-8.0,-3600.0,STOP
2025-09-03 11:22:30.649,SHORT,24687.0,24694.1,-8.099999999998545,-3644.999999999345,STOP
2025-09-03 12:12:41.992,LONG,24749.2,24741.3,-8.900000000001455,-4005.000000000655,STOP
2025-09-03 12:30:08.707,LONG,24757.0,24750.0,-8.0,-3600.0,STOP
2025-09-03 12:50:16.223,SHORT,24721.5,24730.0,-9.5,-4275.0,STOP
2025-09-03 13:25:02.818,SHORT,24720.0,24728.7,-9.700000000000728,-4365.000000000327,STOP
2025-09-03 13:58:43.076,LONG,24758.0,24773.1,14.099999999998545,6344.999999999345,TARGET
2025-09-04 09:16:16.072,LONG,24981.6,24973.2,-9.399999999997817,-4229.999999999018,STOP
2025-09-04 09:33:10.886,LONG,25020.0,25011.1,-9.900000000001455,-4455.000000000655,STOP
2025-09-04 09:57:19.640,SHORT,25002.9,25009.9,-8.0,-3600.0,STOP
2025-09-04 10:16:51.431,LONG,24944.7,24937.2,-8.5,-3825.0,STOP
2025-09-04 10:33:15.919,LONG,24946.9,24939.4,-8.5,-3825.0,STOP
2025-09-04 10:50:00.647,LONG,24938.0,24931.0,-8.0,-3600.0,STOP
2025-09-04 11:16:50.202,SHORT,24918.0,24925.0,-8.0,-3600.0,STOP
2025-09-04 11:42:24.688,LONG,24933.2,24925.2,-9.0,-4050.0,STOP
2025-09-04 12:07:28.781,SHORT,24940.8,24925.0,14.799999999999272,6659.999999999673,TARGET
2025-09-04 12:24:04.663,SHORT,24875.1,24882.2,-8.100000000002183,-3645.0000000009823,STOP
2025-09-04 12:45:47.205,LONG,24932.0,24923.9,-9.099999999998545,-4094.999999999345,STOP
2025-09-04 13:37:40.497,LONG,24922.0,24913.0,-10.0,-4500.0,STOP
2025-09-04 14:17:42.907,LONG,24873.2,24865.9,-8.299999999999272,-3734.9999999996726,STOP
2025-09-04 14:44:30.766,LONG,24872.0,24865.0,-8.0,-3600.0,STOP
2025-09-04 15:02:56.312,SHORT,24842.0,24826.0,15.0,6750.0,TARGET
2025-09-04 15:21:46.815,SHORT,24838.0,24845.0,-8.0,-3600.0,STOP
2025-09-05 09:16:06.547,LONG,24905.0,24897.9,-8.099999999998545,-3644.999999999345,STOP
2025-09-05 09:35:11.904,SHORT,24901.6,24910.0,-9.400000000001455,-4230.000000000655,STOP
2025-09-05 09:59:57.922,LONG,24882.2,24875.1,-8.100000000002183,-3645.0000000009823,STOP
2025-09-05 10:20:02.025,LONG,24750.0,24742.8,-8.200000000000728,-3690.0000000003274,STOP
2025-09-05 10:39:21.926,LONG,24804.0,24796.2,-8.799999999999272,-3959.9999999996726,STOP
2025-09-05 11:05:33.757,SHORT,24786.7,24794.2,-8.5,-3825.0,STOP
2025-09-05 11:29:22.208,LONG,24798.2,24790.8,-8.400000000001455,-3780.000000000655,STOP
2025-09-05 11:46:42.220,SHORT,24764.0,24771.0,-8.0,-3600.0,STOP
2025-09-05 12:03:59.201,LONG,24761.7,24754.5,-8.200000000000728,-3690.0000000003274,STOP
2025-09-05 12:31:47.339,SHORT,24751.2,24736.0,14.200000000000728,6390.000000000327,TARGET
2025-09-05 13:00:47.974,LONG,24753.0,24745.1,-8.900000000001455,-4005.000000000655,STOP
2025-09-05 13:18:49.489,SHORT,24772.0,24779.0,-8.0,-3600.0,STOP
2025-09-05 13:35:55.051,SHORT,24781.8,24789.0,-8.200000000000728,-3690.0000000003274,STOP
2025-09-05 13:54:50.792,LONG,24864.7,24856.6,-9.100000000002183,-4095.0000000009823,STOP
2025-09-05 14:11:47.022,SHORT,24845.0,24852.0,-8.0,-3600.0,STOP
2025-09-05 14:32:13.668,SHORT,24862.0,24846.3,14.700000000000728,6615.000000000327,TARGET
2025-09-05 14:51:54.549,SHORT,24836.0,24843.9,-8.900000000001455,-4005.000000000655,STOP
2025-09-05 15:09:57.297,LONG,24857.5,24850.3,-8.200000000000728,-3690.0000000003274,STOP
2025-09-05 15:27:26.837,SHORT,24842.8,24849.9,-8.100000000002183,-3645.0000000009823,STOP
2025-09-08 09:15:33.592,LONG,24905.6,24895.7,-10.899999999997817,-4904.999999999018,STOP
2025-09-08 09:34:09.849,LONG,24919.9,24935.7,14.799999999999272,6659.999999999673,TARGET
2025-09-08 09:54:56.617,SHORT,24908.0,24915.0,-8.0,-3600.0,STOP
2025-09-08 10:14:29.116,SHORT,24902.0,24909.0,-8.0,-3600.0,STOP
2025-09-08 10:36:41.142,SHORT,24872.1,24880.0,-8.900000000001455,-4005.000000000655,STOP
2025-09-08 10:54:37.138,SHORT,24879.9,24890.2,-11.299999999999272,-5084.999999999673,STOP
2025-09-08 11:16:16.996,SHORT,24907.3,24914.6,-8.299999999999272,-3734.9999999996726,STOP
2025-09-08 12:15:14.176,LONG,24937.5,24930.0,-8.5,-3825.0,STOP
2025-09-08 12:36:53.478,LONG,24956.4,24972.6,15.19999999999709,6839.99999999869,TARGET
2025-09-08 13:01:35.460,SHORT,24963.9,24972.0,-9.099999999998545,-4094.999999999345,STOP
2025-09-08 13:49:47.528,LONG,24942.0,24959.0,16.0,7200.0,TARGET
2025-09-08 14:32:45.543,LONG,24972.0,24965.0,-8.0,-3600.0,STOP
2025-09-08 15:02:24.039,SHORT,24885.0,24893.0,-9.0,-4050.0,STOP
2025-09-09 09:24:56.152,SHORT,24942.0,24949.0,-8.0,-3600.0,STOP
2025-09-09 09:45:21.923,LONG,24956.0,24948.2,-8.799999999999272,-3959.9999999996726,STOP
2025-09-09 10:12:31.012,SHORT,24932.1,24917.1,14.0,6300.0,TARGET
2025-09-09 10:36:01.179,SHORT,24922.0,24929.0,-8.0,-3600.0,STOP
2025-09-09 11:08:26.149,SHORT,24931.2,24939.0,-8.799999999999272,-3959.9999999996726,STOP
2025-09-09 12:22:06.755,LONG,24953.0,24945.0,-9.0,-4050.0,STOP
2025-09-09 12:48:12.242,LONG,24959.0,24951.6,-8.400000000001455,-3780.000000000655,STOP
2025-09-09 13:35:52.295,SHORT,24955.0,24940.0,14.0,6300.0,TARGET
2025-09-09 14:16:04.804,SHORT,24955.0,24940.0,14.0,6300.0,TARGET
2025-09-09 14:56:37.053,SHORT,24941.9,24950.0,-9.099999999998545,-4094.999999999345,STOP
2025-09-10 09:15:47.489,SHORT,25023.0,25033.0,-11.0,-4950.0,STOP
2025-09-10 09:32:20.246,LONG,25068.0,25061.0,-8.0,-3600.0,STOP
2025-09-10 09:49:44.124,LONG,25092.8,25085.8,-8.0,-3600.0,STOP
2025-09-10 10:24:20.698,SHORT,25083.7,25092.0,-9.299999999999272,-4184.999999999673,STOP
2025-09-10 10:44:07.649,SHORT,25087.8,25095.0,-8.200000000000728,-3690.0000000003274,STOP
2025-09-10 11:11:02.914,SHORT,25105.0,25112.4,-8.400000000001455,-3780.000000000655,STOP
2025-09-10 11:36:32.423,SHORT,25083.0,25090.0,-8.0,-3600.0,STOP
2025-09-10 12:10:59.486,LONG,25086.5,25090.0,2.5,1125.0,TIME
2025-09-10 13:16:45.538,SHORT,25045.0,25053.4,-9.400000000001455,-4230.000000000655,STOP
2025-09-10 13:52:04.784,LONG,25064.3,25055.2,-10.099999999998545,-4544.999999999345,STOP
2025-09-10 14:40:55.825,SHORT,25051.0,25058.0,-8.0,-3600.0,STOP
2025-09-10 15:09:31.137,SHORT,25060.6,25068.0,-8.400000000001455,-3780.000000000655,STOP
2025-09-11 09:16:06.860,SHORT,25052.1,25059.2,-8.100000000002183,-3645.0000000009823,STOP
2025-09-11 09:42:27.110,LONG,25077.9,25070.3,-8.600000000002183,-3870.0000000009823,STOP
2025-09-11 10:03:02.903,SHORT,25068.0,25053.0,14.0,6300.0,TARGET
2025-09-11 13:54:10.697,SHORT,25110.5,25092.8,16.700000000000728,7515.000000000327,TARGET
2025-09-11 14:57:08.035,LONG,25108.0,25101.0,-8.0,-3600.0,STOP
2025-09-12 09:15:33.461,LONG,25160.0,25152.5,-8.5,-3825.0,STOP
2025-09-12 09:32:12.274,SHORT,25138.0,25145.0,-8.0,-3600.0,STOP
2025-09-12 10:01:44.021,LONG,25165.8,25158.5,-8.299999999999272,-3734.9999999996726,STOP
2025-09-12 11:00:51.508,LONG,25179.7,25194.7,14.0,6300.0,TARGET
2025-09-12 11:30:27.520,LONG,25217.0,25208.4,-9.599999999998545,-4319.999999999345,STOP
2025-09-12 12:05:24.825,SHORT,25201.2,25209.0,-8.799999999999272,-3959.9999999996726,STOP
2025-09-12 14:59:19.693,SHORT,25192.0,25200.0,-9.0,-4050.0,STOP
2025-09-18 09:16:13.478,LONG,25497.0,25489.5,-8.5,-3825.0,STOP
2025-09-18 09:33:20.918,LONG,25511.0,25501.7,-10.299999999999272,-4634.999999999673,STOP
2025-09-18 09:59:18.212,LONG,25503.2,25496.0,-8.200000000000728,-3690.0000000003274,STOP
2025-09-18 10:43:31.992,LONG,25518.9,25511.7,-8.200000000000728,-3690.0000000003274,STOP
2025-09-18 12:26:49.242,SHORT,25495.8,25504.3,-9.5,-4275.0,STOP
2025-09-18 12:43:37.818,SHORT,25462.9,25470.0,-8.099999999998545,-3644.999999999345,STOP
2025-09-18 13:01:31.037,SHORT,25452.0,25435.1,15.900000000001455,7155.000000000655,TARGET
2025-09-18 13:22:38.124,LONG,25452.0,25467.0,14.0,6300.0,TARGET
2025-09-18 14:08:08.266,SHORT,25451.5,25458.7,-8.200000000000728,-3690.0000000003274,STOP
2025-09-18 14:26:21.628,LONG,25452.7,25445.1,-8.600000000002183,-3870.0000000009823,STOP
2025-09-18 14:46:00.046,LONG,25462.0,25455.0,-8.0,-3600.0,STOP
2025-09-18 15:03:39.380,SHORT,25492.6,25499.7,-8.100000000002183,-3645.0000000009823,STOP
2025-09-22 09:18:52.706,LONG,25315.0,25330.0,14.0,6300.0,TARGET
2025-09-22 09:42:31.720,LONG,25383.0,25375.0,-9.0,-4050.0,STOP
2025-09-22 10:21:35.504,SHORT,25373.8,25381.2,-8.400000000001455,-3780.000000000655,STOP
2025-09-22 10:52:49.027,LONG,25382.0,25375.0,-8.0,-3600.0,STOP
2025-09-22 11:21:50.758,SHORT,25350.0,25359.0,-10.0,-4500.0,STOP
2025-09-22 11:40:00.295,LONG,25352.1,25367.4,14.30000000000291,6435.00000000131,TARGET
2025-09-22 12:16:19.308,LONG,25361.0,25354.0,-8.0,-3600.0,STOP
2025-09-22 13:03:35.347,SHORT,25368.0,25375.0,-8.0,-3600.0,STOP
2025-09-22 13:27:23.626,LONG,25359.9,25352.5,-8.400000000001455,-3780.000000000655,STOP
2025-09-22 14:06:50.143,LONG,25352.0,25345.0,-8.0,-3600.0,STOP
2025-09-22 14:37:36.873,SHORT,25294.5,25305.0,-11.5,-5175.0,STOP
2025-09-22 14:57:56.316,SHORT,25270.1,25278.0,-8.900000000001455,-4005.000000000655,STOP
2025-09-22 15:17:17.215,LONG,25273.9,25266.6,-8.30000000000291,-3735.0000000013097,STOP
2025-09-23 09:20:03.078,LONG,25285.0,25277.5,-8.5,-3825.0,STOP
2025-09-23 09:41:28.595,SHORT,25224.0,25208.0,15.0,6750.0,TARGET
2025-09-23 10:01:28.846,LONG,25207.7,25200.7,-8.0,-3600.0,STOP
2025-09-23 10:24:59.867,LONG,25189.0,25182.0,-8.0,-3600.0,STOP
2025-09-23 10:56:10.392,LONG,25201.0,25192.0,-10.0,-4500.0,STOP
2025-09-23 11:15:10.531,SHORT,25162.8,25170.0,-8.200000000000728,-3690.0000000003274,STOP
2025-09-23 11:39:00.915,SHORT,25163.8,25171.8,-9.0,-4050.0,STOP
2025-09-23 12:14:38.296,LONG,25213.0,25205.0,-9.0,-4050.0,STOP
2025-09-23 12:35:35.730,LONG,25262.0,25280.0,17.0,7650.0,TARGET
2025-09-23 12:53:31.720,LONG,25259.0,25250.1,-9.900000000001455,-4455.000000000655,STOP
2025-09-23 13:34:16.435,SHORT,25303.1,25311.9,-9.80000000000291,-4410.00000000131,STOP
2025-09-23 13:54:50.773,SHORT,25305.0,25290.0,14.0,6300.0,TARGET
2025-09-23 14:18:11.585,LONG,25285.0,25277.7,-8.299999999999272,-3734.9999999996726,STOP
2025-09-23 14:46:52.476,SHORT,25286.0,25295.0,-10.0,-4500.0,STOP
2025-09-23 15:05:57.357,SHORT,25253.0,25260.0,-8.0,-3600.0,STOP
2025-09-25 09:16:02.803,SHORT,25051.4,25058.4,-8.0,-3600.0,STOP
2025-09-25 09:34:58.875,LONG,25107.0,25100.0,-8.0,-3600.0,STOP
2025-09-25 09:52:25.730,LONG,25097.3,25089.8,-8.5,-3825.0,STOP
2025-09-25 10:16:19.441,LONG,25080.0,25073.0,-8.0,-3600.0,STOP
2025-09-25 10:40:54.403,LONG,25057.7,25045.2,-13.5,-6075.0,STOP
2025-09-25 11:21:58.959,LONG,25080.0,25072.0,-9.0,-4050.0,STOP
2025-09-25 11:48:49.478,LONG,25039.0,25027.4,-12.599999999998545,-5669.999999999345,STOP
2025-09-25 12:07:48.459,SHORT,25015.1,25022.2,-8.100000000002183,-3645.0000000009823,STOP
2025-09-25 12:26:07.195,LONG,25029.3,25021.0,-9.299999999999272,-4184.999999999673,STOP
2025-09-25 12:45:31.143,LONG,25012.0,25027.9,14.900000000001455,6705.000000000655,TARGET
2025-09-25 13:09:07.396,LONG,25054.0,25047.0,-8.0,-3600.0,STOP
2025-09-25 13:32:37.162,LONG,25040.0,25032.3,-8.700000000000728,-3915.0000000003274,STOP
2025-09-25 13:52:05.407,SHORT,25048.0,25031.3,15.700000000000728,7065.000000000327,TARGET
2025-09-25 14:17:54.139,SHORT,25016.0,25023.0,-8.0,-3600.0,STOP
2025-09-25 14:39:22.950,LONG,25016.0,25008.0,-9.0,-4050.0,STOP
2025-09-25 14:57:52.959,SHORT,24990.9,24975.6,14.30000000000291,6435.00000000131,TARGET
2025-09-25 15:21:06.557,SHORT,24970.8,24978.0,-8.200000000000728,-3690.0000000003274,STOP
2025-10-03 12:12:26.869,LONG,24964.8,24957.0,-8.799999999999272,-3959.9999999996726,STOP
2025-10-03 12:34:01.926,SHORT,24918.8,24929.7,-11.900000000001455,-5355.000000000655,STOP
2025-10-03 12:51:22.691,SHORT,24940.1,24950.0,-10.900000000001455,-4905.000000000655,STOP
2025-10-03 13:41:37.461,LONG,24940.0,24932.2,-8.799999999999272,-3959.9999999996726,STOP
2025-10-03 14:18:23.994,SHORT,24928.0,24935.0,-8.0,-3600.0,STOP
2025-10-03 14:37:58.478,LONG,24979.0,24972.0,-8.0,-3600.0,STOP
2025-10-03 14:59:58.253,LONG,25009.0,25001.9,-8.099999999998545,-3644.999999999345,STOP
2025-10-06 09:18:19.977,LONG,25022.1,25015.0,-8.099999999998545,-3644.999999999345,STOP
2025-10-06 09:36:07.707,LONG,25010.0,25025.8,14.799999999999272,6659.999999999673,TARGET
2025-10-06 09:57:49.086,LONG,25047.0,25062.1,14.099999999998545,6344.999999999345,TARGET
2025-10-06 10:31:38.983,LONG,25073.0,25065.3,-8.700000000000728,-3915.0000000003274,STOP
2025-10-06 11:15:43.883,SHORT,25087.7,25095.0,-8.299999999999272,-3734.9999999996726,STOP
2025-10-06 11:46:02.639,SHORT,25101.0,25108.0,-8.0,-3600.0,STOP
2025-10-06 12:17:17.417,SHORT,25111.0,25118.0,-8.0,-3600.0,STOP
2025-10-06 13:02:06.586,LONG,25143.0,25158.0,14.0,6300.0,TARGET
2025-10-06 13:29:27.792,LONG,25168.0,25183.0,14.0,6300.0,TARGET
2025-10-06 13:50:07.503,SHORT,25163.0,25170.0,-8.0,-3600.0,STOP
2025-10-06 14:09:22.007,SHORT,25165.1,25174.8,-10.700000000000728,-4815.000000000327,STOP
2025-10-06 14:30:58.985,LONG,25168.2,25160.5,-8.700000000000728,-3915.0000000003274,STOP
2025-10-06 15:18:06.755,SHORT,25182.4,25189.5,-8.099999999998545,-3644.999999999345,STOP
2025-10-07 09:15:38.015,LONG,25211.7,25204.6,-8.100000000002183,-3645.0000000009823,STOP
2025-10-07 09:31:35.474,LONG,25212.0,25205.0,-8.0,-3600.0,STOP
2025-10-07 09:51:12.163,LONG,25266.3,25283.0,15.700000000000728,7065.000000000327,TARGET
2025-10-07 10:14:44.740,SHORT,25277.6,25285.0,-8.400000000001455,-3780.000000000655,STOP
2025-10-07 10:37:59.515,LONG,25272.0,25264.6,-8.400000000001455,-3780.000000000655,STOP
2025-10-07 11:04:30.789,LONG,25254.9,25247.2,-8.700000000000728,-3915.0000000003274,STOP
2025-10-07 11:29:08.547,LONG,25227.3,25220.0,-8.299999999999272,-3734.9999999996726,STOP
2025-10-07 12:03:58.045,LONG,25252.0,25267.0,14.0,6300.0,TARGET
2025-10-07 12:55:56.564,SHORT,25265.1,25272.1,-8.0,-3600.0,STOP
2025-10-07 13:15:35.873,LONG,25292.5,25284.7,-8.799999999999272,-3959.9999999996726,STOP
2025-10-07 13:41:11.148,LONG,25305.0,25297.0,-9.0,-4050.0,STOP
2025-10-07 13:59:31.218,SHORT,25291.0,25298.6,-8.599999999998545,-3869.999999999345,STOP
2025-10-07 14:16:03.724,SHORT,25300.0,25285.0,14.0,6300.0,TARGET
2025-10-07 14:36:43.865,LONG,25242.0,25235.0,-8.0,-3600.0,STOP
2025-10-07 15:00:12.096,SHORT,25242.0,25226.8,14.200000000000728,6390.000000000327,TARGET
2025-10-07 15:22:30.401,SHORT,25220.0,25227.7,-8.700000000000728,-3915.0000000003274,STOP
2025-10-08 09:16:44.090,LONG,25207.0,25223.7,15.700000000000728,7065.000000000327,TARGET
2025-10-08 09:34:20.013,SHORT,25270.0,25278.5,-9.5,-4275.0,STOP
2025-10-08 09:53:24.944,LONG,25243.4,25259.7,15.299999999999272,6884.999999999673,TARGET
2025-10-08 10:20:07.084,SHORT,25228.0,25212.0,15.0,6750.0,TARGET
2025-10-08 10:55:50.771,LONG,25201.0,25192.3,-9.700000000000728,-4365.000000000327,STOP
2025-10-08 11:13:08.269,SHORT,25133.0,25117.0,15.0,6750.0,TARGET
2025-10-08 11:39:54.033,SHORT,25126.0,25133.0,-8.0,-3600.0,STOP
2025-10-08 12:01:28.782,SHORT,25130.0,25115.0,14.0,6300.0,TARGET
2025-10-08 12:24:03.640,SHORT,25105.4,25090.0,14.400000000001455,6480.000000000655,TARGET
2025-10-08 12:40:35.091,LONG,25117.9,25135.0,16.099999999998545,7244.999999999345,TARGET
2025-10-08 13:01:56.613,SHORT,25163.7,25174.8,-12.099999999998545,-5444.999999999345,STOP
2025-10-08 13:28:29.905,SHORT,25190.0,25197.1,-8.099999999998545,-3644.999999999345,STOP
2025-10-08 13:46:22.823,LONG,25218.3,25210.0,-9.299999999999272,-4184.999999999673,STOP
2025-10-08 14:12:58.303,SHORT,25158.0,25140.1,16.900000000001455,7605.000000000655,TARGET
2025-10-08 14:42:36.838,SHORT,25150.0,25157.4,-8.400000000001455,-3780.000000000655,STOP
2025-10-08 15:00:07.406,SHORT,25125.1,25132.6,-8.5,-3825.0,STOP
2025-10-09 09:16:01.885,LONG,25162.2,25151.2,-12.0,-5400.0,STOP
2025-10-09 09:32:56.513,LONG,25190.0,25181.3,-9.700000000000728,-4365.000000000327,STOP
2025-10-09 09:53:53.761,LONG,25145.0,25160.7,14.700000000000728,6615.000000000327,TARGET
2025-10-09 10:11:51.517,SHORT,25126.0,25134.0,-9.0,-4050.0,STOP
2025-10-09 10:38:54.505,SHORT,25202.0,25209.0,-8.0,-3600.0,STOP
2025-10-09 11:01:04.504,LONG,25223.0,25238.7,14.700000000000728,6615.000000000327,TARGET
2025-10-09 11:29:22.845,LONG,25265.0,25258.0,-8.0,-3600.0,STOP
2025-10-09 11:47:00.428,LONG,25277.0,25269.6,-8.400000000001455,-3780.000000000655,STOP
2025-10-09 12:07:55.088,SHORT,25237.0,25245.4,-9.400000000001455,-4230.000000000655,STOP
2025-10-09 12:33:59.112,LONG,25260.0,25251.8,-9.200000000000728,-4140.000000000327,STOP
2025-10-09 13:33:06.207,SHORT,25270.0,25255.0,14.0,6300.0,TARGET
2025-10-09 13:56:12.147,SHORT,25272.6,25279.9,-8.30000000000291,-3735.0000000013097,STOP
2025-10-09 14:15:20.863,SHORT,25245.0,25255.0,-11.0,-4950.0,STOP
2025-10-09 14:37:57.456,LONG,25238.8,25254.9,15.100000000002183,6795.000000000982,TARGET
2025-10-09 15:03:15.725,LONG,25282.0,25273.2,-9.799999999999272,-4409.999999999673,STOP
2025-10-10 09:15:45.236,LONG,25286.5,25279.1,-8.400000000001455,-3780.000000000655,STOP
2025-10-10 09:31:41.718,LONG,25354.9,25347.0,-8.900000000001455,-4005.000000000655,STOP
2025-10-10 10:02:32.442,LONG,25387.0,25380.0,-8.0,-3600.0,STOP
2025-10-10 10:23:04.254,SHORT,25396.0,25405.0,-10.0,-4500.0,STOP
2025-10-10 10:56:17.613,LONG,25421.1,25410.1,-12.0,-5400.0,STOP
2025-10-10 11:36:58.526,SHORT,25414.0,25421.4,-8.400000000001455,-3780.000000000655,STOP
2025-10-10 12:42:00.548,LONG,25420.0,25436.0,15.0,6750.0,TARGET
2025-10-10 13:04:20.550,SHORT,25435.3,25442.3,-8.0,-3600.0,STOP
2025-10-10 13:25:24.117,SHORT,25436.0,25443.0,-8.0,-3600.0,STOP
2025-10-10 13:54:49.602,SHORT,25439.1,25446.1,-8.0,-3600.0,STOP
2025-10-10 14:19:39.340,SHORT,25422.5,25429.8,-8.299999999999272,-3734.9999999996726,STOP
2025-10-10 14:41:40.146,LONG,25433.0,25426.0,-8.0,-3600.0,STOP
2025-10-10 15:21:45.430,LONG,25416.3,25408.0,-9.299999999999272,-4184.999999999673,STOP
2025-10-13 09:15:40.008,SHORT,25315.0,25323.9,-9.900000000001455,-4455.000000000655,STOP
2025-10-13 09:32:00.749,SHORT,25256.7,25265.0,-9.299999999999272,-4184.999999999673,STOP
2025-10-13 09:50:13.231,SHORT,25302.5,25285.0,16.5,7425.0,TARGET
2025-10-13 10:16:22.243,LONG,25285.0,25275.0,-11.0,-4950.0,STOP
2025-10-13 10:36:40.018,LONG,25298.0,25291.0,-8.0,-3600.0,STOP
2025-10-13 10:57:42.781,LONG,25272.0,25261.5,-11.5,-5175.0,STOP
2025-10-13 11:20:32.592,LONG,25260.7,25251.0,-10.700000000000728,-4815.000000000327,STOP
2025-10-13 11:46:28.583,LONG,25257.4,25272.5,14.099999999998545,6344.999999999345,TARGET
2025-10-13 12:15:40.597,SHORT,25265.0,25272.0,-8.0,-3600.0,STOP
2025-10-13 12:46:08.215,LONG,25283.1,25275.9,-8.19999999999709,-3689.9999999986903,STOP
2025-10-13 13:31:24.378,LONG,25278.0,25280.0,1.0,450.0,TIME
2025-10-13 14:14:44.170,SHORT,25286.3,25294.0,-8.700000000000728,-3915.0000000003274,STOP
2025-10-13 14:31:51.223,LONG,25333.3,25326.0,-8.299999999999272,-3734.9999999996726,STOP
2025-10-13 14:54:48.939,LONG,25332.9,25323.4,-10.5,-4725.0,STOP
2025-10-14 09:15:39.316,LONG,25353.2,25345.0,-9.200000000000728,-4140.000000000327,STOP
2025-10-14 09:34:17.067,SHORT,25352.5,25359.8,-8.299999999999272,-3734.9999999996726,STOP
2025-10-14 09:52:16.319,SHORT,25308.0,25315.5,-8.5,-3825.0,STOP
2025-10-14 10:08:47.811,LONG,25278.0,25270.0,-9.0,-4050.0,STOP
2025-10-14 10:25:17.290,LONG,25277.0,25292.0,14.0,6300.0,TARGET
2025-10-14 11:05:13.338,LONG,25272.0,25260.7,-12.299999999999272,-5534.999999999673,STOP
2025-10-14 11:23:30.359,SHORT,25210.5,25184.1,25.400000000001455,11430.000000000655,TARGET
2025-10-14 11:55:42.724,LONG,25225.0,25216.5,-9.5,-4275.0,STOP
2025-10-14 12:14:51.766,LONG,25182.0,25175.0,-8.0,-3600.0,STOP
2025-10-14 12:33:53.049,LONG,25164.0,25156.1,-8.900000000001455,-4005.000000000655,STOP
2025-10-14 12:52:33.489,LONG,25152.3,25145.0,-8.299999999999272,-3734.9999999996726,STOP
2025-10-14 13:13:01.921,SHORT,25132.1,25139.3,-8.200000000000728,-3690.0000000003274,STOP
2025-10-14 13:38:05.493,SHORT,25165.4,25172.5,-8.099999999998545,-3644.999999999345,STOP
2025-10-14 13:56:02.101,LONG,25172.0,25187.0,14.0,6300.0,TARGET
2025-10-14 14:23:38.375,LONG,25177.0,25193.6,15.599999999998545,7019.999999999345,TARGET
2025-10-14 14:42:47.635,LONG,25243.6,25235.2,-9.399999999997817,-4229.999999999018,STOP
2025-10-14 14:59:50.386,LONG,25234.2,25227.1,-8.100000000002183,-3645.0000000009823,STOP
2025-10-14 15:18:03.556,LONG,25218.4,25211.4,-8.0,-3600.0,STOP
2025-10-15 09:17:07.746,SHORT,25321.2,25328.4,-8.200000000000728,-3690.0000000003274,STOP
2025-10-15 09:34:54.441,SHORT,25353.0,25338.0,14.0,6300.0,TARGET
2025-10-15 09:54:55.192,LONG,25325.0,25318.0,-8.0,-3600.0,STOP
2025-10-15 10:15:03.974,LONG,25351.0,25370.2,18.200000000000728,8190.000000000327,TARGET
2025-10-15 10:38:23.488,LONG,25394.0,25387.0,-8.0,-3600.0,STOP
2025-10-15 11:03:10.975,SHORT,25410.0,25395.0,14.0,6300.0,TARGET
2025-10-15 11:29:03.256,LONG,25427.0,25420.0,-8.0,-3600.0,STOP
2025-10-15 11:55:36.255,LONG,25419.8,25412.0,-8.799999999999272,-3959.9999999996726,STOP
2025-10-15 12:17:03.787,SHORT,25392.8,25400.0,-8.200000000000728,-3690.0000000003274,STOP
2025-10-15 12:42:19.036,LONG,25414.0,25429.0,14.0,6300.0,TARGET
2025-10-15 13:14:41.634,SHORT,25421.8,25428.9,-8.100000000002183,-3645.0000000009823,STOP
2025-10-15 13:33:46.605,LONG,25455.0,25448.0,-8.0,-3600.0,STOP
2025-10-15 14:01:38.881,SHORT,25422.0,25430.1,-9.099999999998545,-4094.999999999345,STOP
2025-10-15 14:21:01.352,SHORT,25418.0,25425.0,-8.0,-3600.0,STOP
2025-10-15 14:48:35.498,SHORT,25411.1,25415.2,-5.100000000002183,-2295.0000000009823,TIME
2025-10-15 15:25:04.622,SHORT,25424.1,25431.1,-8.0,-3600.0,STOP
2025-10-16 09:17:14.705,LONG,25505.0,25498.0,-8.0,-3600.0,STOP
2025-10-16 09:38:52.530,SHORT,25507.0,25492.0,14.0,6300.0,TARGET
2025-10-16 09:58:12.376,SHORT,25515.0,25522.0,-8.0,-3600.0,STOP
2025-10-16 10:14:37.590,SHORT,25500.5,25507.9,-8.400000000001455,-3780.000000000655,STOP
2025-10-16 10:37:23.564,SHORT,25527.9,25535.0,-8.099999999998545,-3644.999999999345,STOP
2025-10-16 10:56:28.432,LONG,25542.0,25535.0,-8.0,-3600.0,STOP
2025-10-16 11:14:47.897,SHORT,25540.1,25548.0,-8.900000000001455,-4005.000000000655,STOP
2025-10-16 11:51:32.363,LONG,25541.5,25549.8,7.299999999999272,3284.9999999996726,TIME
2025-10-16 12:38:25.064,LONG,25603.0,25595.7,-8.299999999999272,-3734.9999999996726,STOP
2025-10-16 13:11:53.709,LONG,25608.0,25601.0,-8.0,-3600.0,STOP
2025-10-16 13:41:57.200,SHORT,25613.0,25620.0,-8.0,-3600.0,STOP
2025-10-16 14:04:48.968,LONG,25639.6,25655.0,14.400000000001455,6480.000000000655,TARGET
2025-10-16 14:23:41.484,LONG,25657.5,25672.6,14.099999999998545,6344.999999999345,TARGET
2025-10-16 14:50:42.763,SHORT,25672.2,25679.9,-8.700000000000728,-3915.0000000003274,STOP
2025-10-16 15:09:16.847,SHORT,25654.0,25661.9,-8.900000000001455,-4005.000000000655,STOP
2025-10-17 09:15:51.331,LONG,25607.8,25600.0,-8.799999999999272,-3959.9999999996726,STOP
2025-10-17 09:33:01.200,SHORT,25654.0,25661.7,-8.700000000000728,-3915.0000000003274,STOP
2025-10-17 09:52:05.501,LONG,25635.0,25650.0,14.0,6300.0,TARGET
2025-10-17 10:13:43.458,LONG,25729.0,25722.0,-8.0,-3600.0,STOP
2025-10-17 10:32:15.338,SHORT,25740.8,25748.0,-8.200000000000728,-3690.0000000003274,STOP
2025-10-17 10:51:49.184,LONG,25755.0,25770.0,14.0,6300.0,TARGET
2025-10-17 11:12:55.942,LONG,25821.0,25813.0,-9.0,-4050.0,STOP
2025-10-17 11:41:08.721,SHORT,25826.0,25811.0,14.0,6300.0,TARGET
2025-10-17 11:58:20.490,LONG,25808.0,25800.4,-8.599999999998545,-3869.999999999345,STOP
2025-10-17 12:15:43.012,SHORT,25817.0,25824.9,-8.900000000001455,-4005.000000000655,STOP
2025-10-17 12:41:19.965,SHORT,25803.0,25810.0,-8.0,-3600.0,STOP
2025-10-17 13:00:12.838,SHORT,25745.1,25753.3,-9.200000000000728,-4140.000000000327,STOP
2025-10-17 13:17:18.779,LONG,25722.7,25739.9,16.200000000000728,7290.000000000327,TARGET
2025-10-17 13:35:50.328,SHORT,25674.2,25682.0,-8.799999999999272,-3959.9999999996726,STOP
2025-10-17 13:57:56.624,LONG,25700.0,25715.0,14.0,6300.0,TARGET
2025-10-17 14:17:34.493,LONG,25738.3,25754.0,14.700000000000728,6615.000000000327,TARGET
2025-10-17 14:34:55.376,SHORT,25750.0,25759.9,-10.900000000001455,-4905.000000000655,STOP
2025-10-17 14:50:45.583,LONG,25779.9,25767.0,-13.900000000001455,-6255.000000000655,STOP
2025-10-17 15:07:53.609,SHORT,25763.1,25770.3,-8.200000000000728,-3690.0000000003274,STOP
2025-10-20 09:16:11.885,LONG,25969.1,25961.8,-8.299999999999272,-3734.9999999996726,STOP
2025-10-20 09:32:37.526,LONG,25932.0,25921.3,-11.700000000000728,-5265.000000000327,STOP
2025-10-20 09:49:03.666,LONG,25884.0,25875.0,-10.0,-4500.0,STOP
2025-10-20 10:11:31.906,SHORT,25881.4,25888.9,-8.5,-3825.0,STOP
2025-10-20 10:46:08.908,LONG,25912.0,25905.0,-8.0,-3600.0,STOP
2025-10-20 11:19:05.925,SHORT,25885.6,25892.6,-8.0,-3600.0,STOP
2025-10-20 11:39:20.464,SHORT,25882.3,25890.0,-8.700000000000728,-3915.0000000003274,STOP
2025-10-20 12:16:44.167,SHORT,25894.8,25902.4,-8.600000000002183,-3870.0000000009823,STOP
2025-10-20 13:04:06.816,LONG,25947.0,25939.9,-8.099999999998545,-3644.999999999345,STOP
2025-10-20 13:51:08.292,SHORT,25886.4,25894.2,-8.799999999999272,-3959.9999999996726,STOP
2025-10-20 14:07:18.824,SHORT,25893.0,25900.0,-8.0,-3600.0,STOP
2025-10-20 14:29:39.822,LONG,25875.0,25868.0,-8.0,-3600.0,STOP
2025-10-20 14:47:09.316,LONG,25878.6,25893.6,14.0,6300.0,TARGET
2025-10-20 15:09:41.388,LONG,25913.0,25929.0,15.0,6750.0,TARGET
2025-10-23 09:21:18.432,SHORT,26076.9,26084.6,-8.69999999999709,-3914.9999999986903,STOP
2025-10-23 09:39:13.436,SHORT,26152.0,26159.6,-8.599999999998545,-3869.999999999345,STOP
2025-10-23 09:57:59.300,LONG,26116.0,26132.0,15.0,6750.0,TARGET
2025-10-23 10:18:38.954,LONG,26167.0,26158.0,-10.0,-4500.0,STOP
2025-10-23 10:42:14.125,SHORT,26141.0,26125.0,15.0,6750.0,TARGET
2025-10-23 11:04:08.016,SHORT,26128.0,26135.0,-8.0,-3600.0,STOP
2025-10-23 11:31:35.815,SHORT,26115.6,26125.0,-10.400000000001455,-4680.000000000655,STOP
2025-10-23 11:52:03.220,LONG,26155.0,26147.3,-8.700000000000728,-3915.0000000003274,STOP
2025-10-23 12:24:20.285,LONG,26170.9,26163.1,-8.80000000000291,-3960.0000000013097,STOP
2025-10-23 12:52:44.865,SHORT,26143.0,26127.3,14.700000000000728,6615.000000000327,TARGET
2025-10-23 13:31:08.330,SHORT,26117.0,26101.3,14.700000000000728,6615.000000000327,TARGET
2025-10-23 13:58:43.094,SHORT,26062.2,26045.0,16.200000000000728,7290.000000000327,TARGET
2025-10-23 14:20:04.242,SHORT,26025.0,26010.0,14.0,6300.0,TARGET
2025-10-23 14:37:22.751,SHORT,26022.0,26029.0,-8.0,-3600.0,STOP
2025-10-23 14:54:39.629,LONG,26052.2,26045.1,-8.100000000002183,-3645.0000000009823,STOP
2025-10-23 15:13:07.559,LONG,25964.2,25956.6,-8.600000000002183,-3870.0000000009823,STOP
2025-10-24 09:16:04.147,LONG,25962.3,25953.0,-10.299999999999272,-4634.999999999673,STOP
2025-10-24 09:33:04.760,SHORT,25942.2,25949.8,-8.599999999998545,-3869.999999999345,STOP
2025-10-24 09:50:30.489,SHORT,25946.2,25931.0,14.200000000000728,6390.000000000327,TARGET
2025-10-24 10:10:51.590,SHORT,25950.0,25957.9,-8.900000000001455,-4005.000000000655,STOP
2025-10-24 10:27:34.718,LONG,25885.3,25878.2,-8.099999999998545,-3644.999999999345,STOP
2025-10-24 10:46:37.145,SHORT,25848.4,25857.1,-9.69999999999709,-4364.99999999869,STOP
2025-10-24 11:08:40.021,LONG,25858.0,25851.0,-8.0,-3600.0,STOP
2025-10-24 11:36:32.524,LONG,25869.3,25861.5,-8.799999999999272,-3959.9999999996726,STOP
2025-10-24 12:00:15.531,SHORT,25878.8,25885.9,-8.100000000002183,-3645.0000000009823,STOP
2025-10-24 12:18:36.018,SHORT,25887.1,25894.2,-8.100000000002183,-3645.0000000009823,STOP
2025-10-24 12:43:20.588,LONG,25885.3,25878.1,-8.200000000000728,-3690.0000000003274,STOP
2025-10-24 13:08:33.582,LONG,25855.0,25847.4,-8.599999999998545,-3869.999999999345,STOP
2025-10-24 13:24:52.309,SHORT,25823.0,25830.0,-8.0,-3600.0,STOP
2025-10-24 13:42:38.051,LONG,25765.0,25757.6,-8.400000000001455,-3780.000000000655,STOP
2025-10-24 14:00:24.365,LONG,25772.1,25762.6,-10.5,-4725.0,STOP
2025-10-24 14:17:06.813,LONG,25792.7,25785.1,-8.600000000002183,-3870.0000000009823,STOP
2025-10-24 14:36:10.598,SHORT,25777.1,25784.8,-8.700000000000728,-3915.0000000003274,STOP
2025-10-24 14:57:04.928,SHORT,25777.9,25785.0,-8.099999999998545,-3644.999999999345,STOP
2025-10-24 15:17:05.396,SHORT,25810.2,25817.9,-8.700000000000728,-3915.0000000003274,STOP
2025-10-27 09:16:07.875,LONG,25921.0,25913.7,-8.299999999999272,-3734.9999999996726,STOP
2025-10-27 09:32:06.261,SHORT,25945.1,25955.0,-10.900000000001455,-4905.000000000655,STOP
2025-10-27 09:49:08.289,LONG,26002.9,25995.8,-8.100000000002183,-3645.0000000009823,STOP
2025-10-27 10:10:20.579,LONG,26047.0,26039.9,-8.099999999998545,-3644.999999999345,STOP
2025-10-27 10:28:21.587,SHORT,26027.8,26034.9,-8.100000000002183,-3645.0000000009823,STOP
2025-10-27 10:49:45.111,SHORT,26017.0,26024.8,-8.799999999999272,-3959.9999999996726,STOP
2025-10-27 11:14:40.656,SHORT,26033.9,26041.5,-8.599999999998545,-3869.999999999345,STOP
2025-10-27 11:44:22.353,LONG,26022.0,26012.2,-10.799999999999272,-4859.999999999673,STOP
2025-10-27 12:03:28.640,LONG,26065.4,26058.1,-8.30000000000291,-3735.0000000013097,STOP
2025-10-27 12:31:51.718,SHORT,26013.0,26020.0,-8.0,-3600.0,STOP
2025-10-27 12:51:05.217,LONG,26019.8,26012.3,-8.5,-3825.0,STOP
2025-10-27 13:09:16.160,SHORT,26012.4,25997.3,14.100000000002183,6345.000000000982,TARGET
2025-10-27 13:33:12.946,SHORT,25970.1,25977.9,-8.80000000000291,-3960.0000000013097,STOP
2025-10-27 13:55:26.687,SHORT,26001.3,26008.3,-8.0,-3600.0,STOP
2025-10-27 14:13:25.719,SHORT,25985.2,25993.0,-8.799999999999272,-3959.9999999996726,STOP
2025-10-27 14:36:39.523,LONG,26035.0,26027.2,-8.799999999999272,-3959.9999999996726,STOP
2025-10-27 14:56:19.074,LONG,25999.9,25992.5,-8.400000000001455,-3780.000000000655,STOP
2025-10-28 09:16:03.874,SHORT,26016.2,26024.9,-9.700000000000728,-4365.000000000327,STOP
2025-10-28 09:32:12.386,SHORT,26013.0,26020.0,-8.0,-3600.0,STOP
2025-10-28 09:53:37.197,SHORT,25995.1,26002.6,-8.5,-3825.0,STOP
2025-10-28 10:12:29.998,SHORT,25903.3,25912.3,-10.0,-4500.0,STOP
2025-10-28 10:39:27.778,SHORT,25884.9,25892.0,-8.099999999998545,-3644.999999999345,STOP
2025-10-28 11:00:06.491,SHORT,25871.5,25879.5,-9.0,-4050.0,STOP
2025-10-28 11:18:54.526,LONG,25881.3,25874.3,-8.0,-3600.0,STOP
2025-10-28 11:36:54.716,LONG,25893.6,25885.8,-8.799999999999272,-3959.9999999996726,STOP
2025-10-28 12:01:26.271,LONG,25867.2,25860.0,-8.200000000000728,-3690.0000000003274,STOP
2025-10-28 12:25:36.898,LONG,25888.0,25879.9,-9.099999999998545,-4094.999999999345,STOP
2025-10-28 12:45:20.008,SHORT,25935.6,25942.9,-8.30000000000291,-3735.0000000013097,STOP
2025-10-28 13:04:34.317,SHORT,25955.0,25940.0,14.0,6300.0,TARGET
2025-10-28 13:24:38.350,LONG,25951.0,25967.6,15.599999999998545,7019.999999999345,TARGET
2025-10-28 13:42:43.051,SHORT,25922.8,25905.6,16.200000000000728,7290.000000000327,TARGET
2025-10-28 14:00:02.575,SHORT,25886.9,25893.9,-8.0,-3600.0,STOP
2025-10-28 14:16:23.380,SHORT,25870.0,25855.0,14.0,6300.0,TARGET
2025-10-28 14:36:01.602,LONG,25845.0,25835.0,-11.0,-4950.0,STOP
2025-10-28 14:56:08.355,LONG,25857.6,25872.6,14.0,6300.0,TARGET
2025-10-28 15:15:08.398,LONG,25945.7,25937.7,-9.0,-4050.0,STOP
2025-10-31 10:30:15.170,SHORT,25990.8,25975.5,14.299999999999272,6434.999999999673,TARGET
2025-10-31 10:52:40.469,SHORT,25961.0,25968.6,-8.599999999998545,-3869.999999999345,STOP
2025-10-31 11:13:40.681,LONG,25922.7,25913.8,-9.900000000001455,-4455.000000000655,STOP
2025-10-31 11:32:01.041,LONG,25932.0,25947.0,14.0,6300.0,TARGET
2025-10-31 11:53:32.149,LONG,25967.4,25960.0,-8.400000000001455,-3780.000000000655,STOP
2025-10-31 12:11:49.507,LONG,25978.0,25970.0,-9.0,-4050.0,STOP
2025-10-31 12:38:58.074,LONG,25946.5,25939.0,-8.5,-3825.0,STOP
2025-10-31 12:57:38.523,LONG,25954.3,25945.0,-10.299999999999272,-4634.999999999673,STOP
2025-10-31 13:15:58.513,SHORT,25942.0,25950.0,-9.0,-4050.0,STOP
2025-10-31 13:40:58.024,LONG,25914.2,25906.5,-8.700000000000728,-3915.0000000003274,STOP
2025-10-31 14:04:34.363,SHORT,25927.5,25934.9,-8.400000000001455,-3780.000000000655,STOP
2025-10-31 14:35:33.813,SHORT,25923.0,25930.0,-8.0,-3600.0,STOP
2025-10-31 14:55:06.617,LONG,25915.9,25908.7,-8.200000000000728,-3690.0000000003274,STOP
2025-10-31 15:11:59.509,LONG,25907.5,25900.0,-8.5,-3825.0,STOP
2025-11-04 09:15:55.785,LONG,25895.0,25910.9,14.900000000001455,6705.000000000655,TARGET
2025-11-04 09:32:13.013,SHORT,25823.0,25830.0,-8.0,-3600.0,STOP
2025-11-04 09:50:41.585,SHORT,25806.0,25813.0,-8.0,-3600.0,STOP
2025-11-04 10:12:09.844,LONG,25822.0,25815.0,-8.0,-3600.0,STOP
2025-11-04 10:37:17.067,LONG,25832.9,25825.0,-8.900000000001455,-4005.000000000655,STOP
2025-11-04 10:59:16.381,LONG,25819.0,25834.0,14.0,6300.0,TARGET
2025-11-04 11:26:01.903,SHORT,25777.2,25784.2,-8.0,-3600.0,STOP
2025-11-04 11:43:37.187,LONG,25777.0,25784.6,6.599999999998545,2969.999999999345,TIME
2025-11-04 12:20:09.186,LONG,25804.0,25795.0,-10.0,-4500.0,STOP
2025-11-04 12:38:06.539,LONG,25788.6,25781.2,-8.399999999997817,-3779.9999999990177,STOP
2025-11-04 13:07:38.453,SHORT,25781.9,25789.1,-8.19999999999709,-3689.9999999986903,STOP
2025-11-04 13:36:05.726,LONG,25768.9,25786.1,16.19999999999709,7289.99999999869,TARGET
2025-11-04 14:10:41.777,SHORT,25742.0,25725.0,16.0,7200.0,TARGET
2025-11-04 14:47:31.342,SHORT,25720.0,25727.9,-8.900000000001455,-4005.000000000655,STOP
2025-11-04 15:20:05.643,LONG,25712.0,25705.0,-8.0,-3600.0,STOP
2025-11-06 09:16:40.233,LONG,25784.0,25775.0,-10.0,-4500.0,STOP
2025-11-06 09:34:37.406,LONG,25748.0,25741.0,-8.0,-3600.0,STOP
2025-11-06 09:54:39.720,LONG,25747.2,25740.0,-8.200000000000728,-3690.0000000003274,STOP
2025-11-06 10:12:41.688,SHORT,25665.0,25674.5,-10.5,-4725.0,STOP
2025-11-06 10:29:10.779,SHORT,25642.0,25649.4,-8.400000000001455,-3780.000000000655,STOP
2025-11-06 10:46:15.626,LONG,25649.0,25664.0,14.0,6300.0,TARGET
2025-11-06 11:10:58.711,SHORT,25662.8,25670.0,-8.200000000000728,-3690.0000000003274,STOP
2025-11-06 11:28:15.311,LONG,25647.0,25640.0,-8.0,-3600.0,STOP
2025-11-06 12:03:16.517,SHORT,25662.1,25670.0,-8.900000000001455,-4005.000000000655,STOP
2025-11-06 12:24:07.493,SHORT,25641.0,25648.0,-8.0,-3600.0,STOP
2025-11-06 12:45:31.285,SHORT,25663.0,25670.4,-8.400000000001455,-3780.000000000655,STOP
2025-11-06 13:03:00.098,LONG,25727.0,25717.0,-11.0,-4950.0,STOP
2025-11-06 13:20:53.923,LONG,25699.4,25692.0,-8.400000000001455,-3780.000000000655,STOP
2025-11-06 13:48:23.091,SHORT,25658.0,25642.0,15.0,6750.0,TARGET
2025-11-06 14:05:31.573,LONG,25632.9,25625.3,-8.600000000002183,-3870.0000000009823,STOP
2025-11-06 14:28:59.566,LONG,25635.0,25650.0,14.0,6300.0,TARGET
2025-11-06 14:48:45.972,SHORT,25650.0,25658.0,-9.0,-4050.0,STOP
2025-11-06 15:07:34.681,SHORT,25620.3,25627.5,-8.200000000000728,-3690.0000000003274,STOP
2025-11-07 09:16:02.000,SHORT,25491.7,25476.1,14.600000000002183,6570.000000000982,TARGET
2025-11-07 09:37:49.028,LONG,25441.9,25458.9,16.0,7200.0,TARGET
2025-11-07 09:57:32.005,LONG,25447.5,25440.2,-8.299999999999272,-3734.9999999996726,STOP
2025-11-07 10:20:17.229,LONG,25464.9,25457.5,-8.400000000001455,-3780.000000000655,STOP
2025-11-07 10:37:42.543,LONG,25482.5,25475.4,-8.099999999998545,-3644.999999999345,STOP
2025-11-07 10:55:56.328,SHORT,25471.2,25479.0,-8.799999999999272,-3959.9999999996726,STOP
2025-11-07 11:21:46.429,LONG,25524.8,25539.8,14.0,6300.0,TARGET
2025-11-07 11:50:05.612,SHORT,25530.0,25537.5,-8.5,-3825.0,STOP
2025-11-07 12:17:05.711,SHORT,25546.0,25555.0,-10.0,-4500.0,STOP
2025-11-07 12:38:42.388,SHORT,25565.6,25573.0,-8.400000000001455,-3780.000000000655,STOP
2025-11-07 13:00:53.913,LONG,25592.0,25585.0,-8.0,-3600.0,STOP
2025-11-07 13:28:03.771,SHORT,25637.1,25647.0,-10.900000000001455,-4905.000000000655,STOP
2025-11-07 13:47:20.645,SHORT,25643.1,25625.6,16.5,7425.0,TARGET
2025-11-07 14:09:15.713,LONG,25572.0,25565.0,-8.0,-3600.0,STOP
2025-11-07 14:30:11.209,LONG,25642.4,25635.0,-8.400000000001455,-3780.000000000655,STOP
2025-11-07 14:53:06.215,SHORT,25592.2,25600.0,-8.799999999999272,-3959.9999999996726,STOP
2025-11-07 15:14:46.517,LONG,25583.1,25598.3,14.200000000000728,6390.000000000327,TARGET
2025-11-11 09:15:56.877,SHORT,25712.0,25696.9,14.099999999998545,6344.999999999345,TARGET
2025-11-11 09:31:55.315,SHORT,25622.0,25629.2,-8.200000000000728,-3690.0000000003274,STOP
2025-11-11 09:49:11.141,LONG,25629.3,25622.0,-8.299999999999272,-3734.9999999996726,STOP
2025-11-11 10:07:29.336,LONG,25625.0,25640.0,14.0,6300.0,TARGET
2025-11-11 10:29:58.568,SHORT,25603.1,25583.2,18.899999999997817,8504.999999999018,TARGET
2025-11-11 10:58:11.914,LONG,25590.0,25605.0,14.0,6300.0,TARGET
2025-11-11 11:22:30.650,LONG,25588.9,25581.6,-8.30000000000291,-3735.0000000013097,STOP
2025-11-11 11:48:30.429,LONG,25620.0,25613.0,-8.0,-3600.0,STOP
2025-11-11 12:09:05.289,SHORT,25643.0,25650.0,-8.0,-3600.0,STOP
2025-11-11 12:28:48.727,LONG,25674.0,25689.0,14.0,6300.0,TARGET
2025-11-11 12:52:53.234,SHORT,25682.1,25667.0,14.099999999998545,6344.999999999345,TARGET
2025-11-11 13:15:05.117,LONG,25706.9,25723.0,15.099999999998545,6794.999999999345,TARGET
2025-11-11 13:36:01.033,LONG,25740.0,25755.2,14.200000000000728,6390.000000000327,TARGET
2025-11-11 13:55:26.789,SHORT,25780.8,25764.5,15.299999999999272,6884.999999999673,TARGET
2025-11-11 14:13:32.549,SHORT,25765.0,25772.0,-8.0,-3600.0,STOP
2025-11-11 14:30:59.533,SHORT,25802.5,25809.9,-8.400000000001455,-3780.000000000655,STOP
2025-11-11 14:48:58.152,SHORT,25786.0,25793.0,-8.0,-3600.0,STOP
2025-11-11 15:08:03.821,SHORT,25800.0,25807.5,-8.5,-3825.0,STOP
2025-11-12 09:15:47.848,SHORT,25928.8,25938.0,-10.200000000000728,-4590.000000000327,STOP
2025-11-12 09:32:49.699,SHORT,25912.9,25920.0,-8.099999999998545,-3644.999999999345,STOP
2025-11-12 09:49:36.623,SHORT,25939.6,25946.9,-8.30000000000291,-3735.0000000013097,STOP
2025-11-12 10:10:02.457,LONG,25941.0,25933.5,-8.5,-3825.0,STOP
2025-11-12 10:35:21.240,SHORT,25948.0,25955.0,-8.0,-3600.0,STOP
2025-11-12 10:57:28.316,SHORT,25963.0,25972.5,-10.5,-4725.0,STOP
2025-11-12 11:35:13.188,LONG,25992.0,25985.0,-8.0,-3600.0,STOP
2025-11-12 11:52:35.613,SHORT,25971.5,25980.5,-10.0,-4500.0,STOP
2025-11-12 12:12:01.916,SHORT,25975.5,25983.0,-8.5,-3825.0,STOP
2025-11-12 12:35:40.204,LONG,26009.2,26002.2,-8.0,-3600.0,STOP
2025-11-12 13:09:06.252,SHORT,26007.7,26015.0,-8.299999999999272,-3734.9999999996726,STOP
2025-11-12 13:27:29.374,LONG,26018.1,26011.0,-8.099999999998545,-3644.999999999345,STOP
2025-11-12 13:53:09.412,SHORT,26008.0,25992.1,14.900000000001455,6705.000000000655,TARGET
2025-11-12 14:23:05.535,SHORT,25972.0,25979.0,-8.0,-3600.0,STOP
2025-11-12 14:43:53.462,SHORT,25977.0,25987.0,-11.0,-4950.0,STOP
2025-11-13 09:16:30.679,SHORT,25920.0,25929.0,-10.0,-4500.0,STOP
2025-11-13 09:35:56.190,SHORT,25932.6,25940.3,-8.700000000000728,-3915.0000000003274,STOP
2025-11-13 09:53:09.675,SHORT,25962.5,25947.3,14.200000000000728,6390.000000000327,TARGET
2025-11-13 10:15:09.987,LONG,25997.5,25990.0,-8.5,-3825.0,STOP
2025-11-13 10:32:38.357,LONG,26009.0,26002.0,-8.0,-3600.0,STOP
2025-11-13 10:49:33.740,LONG,26025.0,26041.0,15.0,6750.0,TARGET
2025-11-13 11:27:13.131,LONG,26066.0,26054.3,-12.700000000000728,-5715.000000000327,STOP
2025-11-13 12:32:56.423,SHORT,26053.1,26035.0,17.099999999998545,7694.999999999345,TARGET
2025-11-13 12:59:55.304,LONG,26045.0,26060.0,14.0,6300.0,TARGET
2025-11-13 13:41:34.684,LONG,26087.5,26080.1,-8.400000000001455,-3780.000000000655,STOP
2025-11-13 14:05:29.588,SHORT,25976.4,25984.2,-8.799999999999272,-3959.9999999996726,STOP
2025-11-13 14:24:40.778,LONG,25983.0,25975.0,-9.0,-4050.0,STOP
2025-11-13 15:00:56.879,SHORT,25938.0,25945.9,-8.900000000001455,-4005.000000000655,STOP
2025-11-13 15:17:27.363,SHORT,25968.0,25950.0,17.0,7650.0,TARGET
2025-11-17 09:15:35.534,LONG,26010.6,26003.6,-8.0,-3600.0,STOP
2025-11-17 09:34:53.405,SHORT,26037.0,26045.0,-9.0,-4050.0,STOP
2025-11-17 09:57:00.414,LONG,26048.0,26040.0,-9.0,-4050.0,STOP
2025-11-17 10:18:34.915,LONG,26035.0,26025.0,-11.0,-4950.0,STOP
2025-11-17 10:44:00.255,LONG,26007.4,26000.1,-8.30000000000291,-3735.0000000013097,STOP
2025-11-17 11:21:27.201,SHORT,26002.9,26011.3,-9.399999999997817,-4229.999999999018,STOP
2025-11-17 11:57:05.100,LONG,26042.0,26032.0,-11.0,-4950.0,STOP
2025-11-17 12:48:16.571,LONG,26063.0,26055.0,-9.0,-4050.0,STOP
2025-11-17 13:09:50.811,LONG,26048.0,26041.0,-8.0,-3600.0,STOP
2025-11-17 13:48:34.596,SHORT,26056.0,26064.0,-9.0,-4050.0,STOP
2025-11-17 14:15:57.812,SHORT,26066.8,26048.7,17.099999999998545,7694.999999999345,TARGET
2025-11-17 14:45:21.141,LONG,26051.0,26043.7,-8.299999999999272,-3734.9999999996726,STOP
2025-11-17 15:03:15.146,SHORT,26061.0,26060.0,0.0,0.0,TIME
2025-11-18 09:16:45.415,LONG,25976.4,25991.6,14.19999999999709,6389.99999999869,TARGET
2025-11-18 09:41:21.265,LONG,25982.7,25975.4,-8.299999999999272,-3734.9999999996726,STOP
2025-11-18 09:59:55.493,SHORT,25929.0,25909.1,18.900000000001455,8505.000000000655,TARGET
2025-11-18 10:20:46.734,LONG,25951.8,25944.8,-8.0,-3600.0,STOP
2025-11-18 10:38:50.727,LONG,25932.0,25925.0,-8.0,-3600.0,STOP
2025-11-18 10:57:47.979,SHORT,25960.3,25969.1,-9.799999999999272,-4409.999999999673,STOP
2025-11-18 11:19:00.495,LONG,25982.0,25975.0,-8.0,-3600.0,STOP
2025-11-18 11:42:11.007,SHORT,25981.2,25988.2,-8.0,-3600.0,STOP
2025-11-18 12:15:09.760,SHORT,25991.4,25999.0,-8.599999999998545,-3869.999999999345,STOP
2025-11-18 12:31:26.469,SHORT,25983.0,25967.5,14.5,6525.0,TARGET
2025-11-18 12:53:41.869,LONG,25972.0,25988.2,15.200000000000728,6840.000000000327,TARGET
2025-11-18 13:42:25.836,SHORT,25997.2,26004.5,-8.299999999999272,-3734.9999999996726,STOP
2025-11-18 14:07:05.130,SHORT,26026.5,26033.5,-8.0,-3600.0,STOP
2025-11-18 14:32:58.072,SHORT,25990.8,25998.0,-8.200000000000728,-3690.0000000003274,STOP
2025-11-18 15:00:39.865,SHORT,25976.0,25961.0,14.0,6300.0,TARGET
2025-11-18 15:24:32.140,LONG,25947.5,25940.1,-8.400000000001455,-3780.000000000655,STOP
2025-11-19 09:18:42.599,SHORT,25913.7,25898.5,14.200000000000728,6390.000000000327,TARGET
2025-11-19 09:37:38.855,LONG,25932.2,25948.0,14.799999999999272,6659.999999999673,TARGET
2025-11-19 09:58:01.778,LONG,25957.0,25949.0,-9.0,-4050.0,STOP
2025-11-19 10:28:55.356,SHORT,25985.9,25993.0,-8.099999999998545,-3644.999999999345,STOP
2025-11-19 10:50:32.613,LONG,25975.0,25967.1,-8.900000000001455,-4005.000000000655,STOP
2025-11-19 11:12:14.313,LONG,25957.4,25948.4,-10.0,-4500.0,STOP
2025-11-19 11:36:59.912,LONG,25980.0,25995.0,14.0,6300.0,TARGET
2025-11-19 12:02:50.934,SHORT,26023.0,26030.0,-8.0,-3600.0,STOP
2025-11-19 12:26:09.719,SHORT,26039.0,26046.0,-8.0,-3600.0,STOP
2025-11-19 12:47:43.193,LONG,26052.0,26045.0,-8.0,-3600.0,STOP
2025-11-19 13:28:53.020,SHORT,26032.5,26039.8,-8.299999999999272,-3734.9999999996726,STOP
2025-11-19 14:12:42.989,LONG,26061.9,26079.0,16.099999999998545,7244.999999999345,TARGET
2025-11-19 14:36:24.812,LONG,26072.6,26065.1,-8.5,-3825.0,STOP
2025-11-19 15:04:39.358,SHORT,26069.1,26077.0,-8.900000000001455,-4005.000000000655,STOP
2025-11-19 15:29:39.113,LONG,26078.0,26078.0,-1.0,-450.0,TIME
2025-11-20 09:15:44.186,LONG,26144.0,26135.9,-9.099999999998545,-4094.999999999345,STOP
2025-11-20 09:33:38.924,SHORT,26117.0,26125.1,-9.099999999998545,-4094.999999999345,STOP
2025-11-20 09:51:07.166,LONG,26112.0,26101.4,-11.599999999998545,-5219.999999999345,STOP
2025-11-20 10:08:37.692,SHORT,26113.0,26120.0,-8.0,-3600.0,STOP
2025-11-20 10:40:52.816,LONG,26146.7,26161.7,14.0,6300.0,TARGET
2025-11-20 11:13:52.268,LONG,26163.4,26156.4,-8.0,-3600.0,STOP
2025-11-20 11:45:48.573,SHORT,26161.2,26168.8,-8.599999999998545,-3869.999999999345,STOP
2025-11-20 13:13:56.901,SHORT,26181.5,26188.6,-8.099999999998545,-3644.999999999345,STOP
2025-11-20 13:35:36.657,LONG,26228.0,26244.0,15.0,6750.0,TARGET
2025-11-20 14:04:50.908,LONG,26253.0,26246.0,-8.0,-3600.0,STOP
2025-11-20 14:27:12.662,SHORT,26245.6,26230.1,14.5,6525.0,TARGET
2025-11-20 14:46:01.757,LONG,26227.5,26220.0,-8.5,-3825.0,STOP
2025-11-20 15:04:39.933,SHORT,26210.5,26218.0,-8.5,-3825.0,STOP
2025-11-21 09:15:35.866,LONG,26148.0,26140.1,-8.900000000001455,-4005.000000000655,STOP
2025-11-21 09:32:34.359,LONG,26178.0,26170.0,-9.0,-4050.0,STOP
2025-11-21 09:56:27.986,LONG,26124.3,26139.9,14.600000000002183,6570.000000000982,TARGET
2025-11-21 10:18:03.002,SHORT,26090.0,26074.0,15.0,6750.0,TARGET
2025-11-21 10:50:49.860,SHORT,26089.5,26096.9,-8.400000000001455,-3780.000000000655,STOP
2025-11-21 11:06:38.538,SHORT,26081.0,26089.0,-9.0,-4050.0,STOP
2025-11-21 11:25:19.309,SHORT,26101.0,26108.0,-8.0,-3600.0,STOP
2025-11-21 11:43:40.433,LONG,26108.0,26101.0,-8.0,-3600.0,STOP
2025-11-21 12:01:35.398,LONG,26110.5,26125.8,14.299999999999272,6434.999999999673,TARGET
2025-11-21 12:21:24.935,LONG,26161.9,26154.8,-8.100000000002183,-3645.0000000009823,STOP
2025-11-21 12:51:02.738,LONG,26187.0,26180.0,-8.0,-3600.0,STOP
2025-11-21 13:17:30.245,SHORT,26135.7,26118.2,16.5,7425.0,TARGET
2025-11-21 13:38:45.774,LONG,26136.0,26129.0,-8.0,-3600.0,STOP
2025-11-21 13:59:13.487,LONG,26150.0,26142.3,-8.700000000000728,-3915.0000000003274,STOP
2025-11-21 14:33:11.765,SHORT,26160.0,26167.0,-8.0,-3600.0,STOP
2025-11-21 14:51:21.626,LONG,26120.0,26113.0,-8.0,-3600.0,STOP
2025-11-21 15:07:29.074,SHORT,26073.2,26082.2,-10.0,-4500.0,STOP
2025-11-24 09:16:07.126,SHORT,26120.0,26127.0,-8.0,-3600.0,STOP
2025-11-24 09:34:04.163,SHORT,26117.0,26101.0,15.0,6750.0,TARGET
2025-11-24 09:52:23.651,SHORT,26121.1,26106.0,14.099999999998545,6344.999999999345,TARGET
2025-11-24 10:20:13.454,LONG,26143.0,26135.5,-8.5,-3825.0,STOP
2025-11-24 11:00:16.717,SHORT,26125.8,26133.0,-8.200000000000728,-3690.0000000003274,STOP
2025-11-24 11:17:37.969,LONG,26121.0,26113.1,-8.900000000001455,-4005.000000000655,STOP
2025-11-24 11:46:10.727,SHORT,26128.6,26113.3,14.299999999999272,6434.999999999673,TARGET
2025-11-24 12:11:02.497,SHORT,26086.4,26094.3,-8.899999999997817,-4004.9999999990177,STOP
2025-11-24 12:27:33.070,SHORT,26081.0,26090.0,-10.0,-4500.0,STOP
2025-11-24 12:46:12.564,LONG,26108.0,26098.6,-10.400000000001455,-4680.000000000655,STOP
2025-11-24 13:07:16.352,LONG,26099.3,26114.9,14.600000000002183,6570.000000000982,TARGET
2025-11-24 13:37:44.853,SHORT,26096.6,26104.0,-8.400000000001455,-3780.000000000655,STOP
2025-11-24 14:01:21.870,SHORT,26080.3,26062.0,17.299999999999272,7784.999999999673,TARGET
2025-11-24 14:25:48.629,LONG,26048.5,26041.0,-8.5,-3825.0,STOP
2025-11-24 14:42:28.126,LONG,26047.0,26040.0,-8.0,-3600.0,STOP
2025-11-24 15:08:06.435,LONG,26001.0,25993.9,-8.099999999998545,-3644.999999999345,STOP
2025-11-25 12:53:13.320,LONG,25995.8,25988.2,-8.599999999998545,-3869.999999999345,STOP
2025-11-25 13:11:40.828,SHORT,26000.0,25985.0,14.0,6300.0,TARGET
2025-11-25 13:41:59.846,SHORT,25995.0,26002.0,-8.0,-3600.0,STOP
2025-11-25 14:03:32.038,LONG,26011.5,26028.0,15.5,6975.0,TARGET
2025-11-25 14:22:04.096,LONG,26010.0,25996.1,-14.900000000001455,-6705.000000000655,STOP
2025-11-25 14:38:45.880,SHORT,25940.6,25948.4,-8.80000000000291,-3960.0000000013097,STOP
2025-11-25 14:59:31.373,SHORT,25908.1,25891.2,15.899999999997817,7154.999999999018,TARGET
